,child_lat,child_lng,depth,parent_lat,parent_lng
0,31,346,1,35.0,348.0
1,31,347,1,35.0,348.0
2,31,348,1,35.0,348.0
3,34,347,1,35.0,348.0
4,34,348,1,35.0,348.0
5,34,349,1,35.0,348.0
6,34,353,1,35.0,348.0
7,35,347,1,35.0,348.0
8,35,349,1,35.0,348.0
9,35,350,1,35.0,348.0
10,35,353,1,35.0,348.0
11,36,347,1,35.0,348.0
12,36,348,1,35.0,348.0
13,36,349,1,35.0,348.0
14,37,348,1,35.0,348.0
15,37,349,1,35.0,348.0
16,37,350,1,35.0,348.0
17,26,340,2,31.0,346.0
18,26,341,2,31.0,346.0
19,26,342,2,31.0,346.0
20,26,343,2,31.0,346.0
21,26,344,2,31.0,346.0
22,27,341,2,31.0,346.0
23,28,346,2,31.0,346.0
24,29,344,2,31.0,346.0
25,29,346,2,31.0,346.0
26,30,342,2,31.0,346.0
27,30,343,2,31.0,346.0
28,30,344,2,31.0,346.0
29,30,345,2,31.0,346.0
30,31,341,2,31.0,346.0
31,31,342,2,31.0,346.0
32,31,344,2,31.0,346.0
33,32,344,2,31.0,346.0
34,32,346,2,31.0,346.0
35,33,344,2,31.0,346.0
36,32,347,2,31.0,347.0
37,29,348,2,31.0,348.0
38,29,349,2,31.0,348.0
39,30,348,2,31.0,348.0
40,30,349,2,31.0,348.0
41,31,349,2,31.0,348.0
42,32,349,2,31.0,348.0
43,32,350,2,31.0,348.0
44,33,345,2,34.0,347.0
45,33,346,2,34.0,347.0
46,33,347,2,34.0,347.0
47,34,344,2,34.0,347.0
48,34,345,2,34.0,347.0
49,34,346,2,34.0,347.0
50,33,348,2,34.0,348.0
51,33,349,2,34.0,349.0
52,33,350,2,34.0,349.0
53,33,351,2,34.0,349.0
54,34,350,2,34.0,349.0
55,33,352,2,34.0,353.0
56,34,352,2,34.0,353.0
57,35,344,2,35.0,347.0
58,35,346,2,35.0,347.0
59,34,351,2,35.0,350.0
60,35,351,2,35.0,350.0
61,37,359,2,35.0,353.0
62,36,346,2,36.0,347.0
63,37,346,2,36.0,347.0
64,36,350,2,36.0,349.0
65,37,347,2,37.0,348.0
66,38,346,2,37.0,348.0
67,38,347,2,37.0,348.0
68,38,348,2,37.0,348.0
69,18,335,3,26.0,340.0
70,19,334,3,26.0,340.0
71,19,335,3,26.0,340.0
72,20,335,3,26.0,340.0
73,20,336,3,26.0,340.0
74,21,334,3,26.0,340.0
75,21,335,3,26.0,340.0
76,21,336,3,26.0,340.0
77,22,335,3,26.0,340.0
78,22,336,3,26.0,340.0
79,22,337,3,26.0,340.0
80,23,339,3,26.0,340.0
81,23,340,3,26.0,340.0
82,24,332,3,26.0,340.0
83,24,333,3,26.0,340.0
84,24,337,3,26.0,340.0
85,24,338,3,26.0,340.0
86,25,332,3,26.0,340.0
87,25,338,3,26.0,340.0
88,25,339,3,26.0,340.0
89,25,340,3,26.0,340.0
90,26,334,3,26.0,340.0
91,26,335,3,26.0,340.0
92,26,336,3,26.0,340.0
93,26,339,3,26.0,340.0
94,27,334,3,26.0,340.0
95,27,335,3,26.0,340.0
96,27,336,3,26.0,340.0
97,27,338,3,26.0,340.0
98,28,338,3,26.0,340.0
99,29,333,3,26.0,340.0
100,29,334,3,26.0,340.0
101,24,341,3,26.0,341.0
102,24,342,3,26.0,342.0
103,25,342,3,26.0,342.0
104,25,343,3,26.0,343.0
105,27,343,3,26.0,343.0
106,25,344,3,26.0,344.0
107,27,344,3,26.0,344.0
108,27,340,3,27.0,341.0
109,27,342,3,27.0,341.0
110,28,339,3,27.0,341.0
111,28,340,3,27.0,341.0
112,28,341,3,27.0,341.0
113,28,342,3,27.0,341.0
114,27,345,3,28.0,346.0
115,28,347,3,28.0,346.0
116,28,343,3,29.0,344.0
117,28,344,3,29.0,344.0
118,29,343,3,29.0,344.0
119,29,345,3,29.0,346.0
120,29,340,3,30.0,342.0
121,29,341,3,30.0,342.0
122,29,342,3,30.0,342.0
123,30,341,3,30.0,342.0
124,30,346,3,30.0,345.0
125,30,347,3,30.0,348.0
126,29,337,3,31.0,341.0
127,29,339,3,31.0,341.0
128,30,337,3,31.0,341.0
129,30,338,3,31.0,341.0
130,30,339,3,31.0,341.0
131,30,340,3,31.0,341.0
132,31,335,3,31.0,341.0
133,31,336,3,31.0,341.0
134,31,337,3,31.0,341.0
135,31,339,3,31.0,341.0
136,31,340,3,31.0,341.0
137,32,338,3,31.0,341.0
138,32,339,3,31.0,341.0
139,32,341,3,31.0,341.0
140,33,340,3,31.0,341.0
141,33,341,3,31.0,341.0
142,34,340,3,31.0,341.0
143,31,343,3,31.0,342.0
144,32,342,3,31.0,342.0
145,31,345,3,31.0,344.0
146,32,343,3,32.0,344.0
147,32,345,3,32.0,346.0
148,32,348,3,32.0,347.0
149,33,343,3,33.0,344.0
150,34,342,3,34.0,344.0
151,34,343,3,34.0,344.0
152,35,342,3,35.0,344.0
153,35,343,3,35.0,344.0
154,36,343,3,35.0,344.0
155,36,344,3,35.0,344.0
156,37,342,3,35.0,344.0
157,37,343,3,35.0,344.0
158,35,345,3,35.0,346.0
159,36,345,3,36.0,346.0
160,37,344,3,37.0,346.0
161,37,345,3,37.0,346.0
162,39,345,3,38.0,346.0
163,39,346,3,38.0,346.0
164,18,337,4,18.0,335.0
165,18,333,4,19.0,334.0
166,20,331,4,21.0,334.0
167,20,332,4,21.0,334.0
168,21,333,4,21.0,334.0
169,22,334,4,22.0,335.0
170,22,338,4,22.0,337.0
171,23,338,4,23.0,339.0
172,20,326,4,24.0,332.0
173,21,326,4,24.0,332.0
174,21,329,4,24.0,332.0
175,24,329,4,24.0,332.0
176,24,330,4,24.0,332.0
177,23,334,4,24.0,333.0
178,24,334,4,24.0,333.0
179,24,340,4,24.0,341.0
180,25,329,4,25.0,332.0
181,25,333,4,25.0,332.0
182,26,331,4,25.0,332.0
183,26,332,4,25.0,332.0
184,25,337,4,25.0,338.0
185,25,341,4,25.0,340.0
186,25,334,4,26.0,334.0
187,26,333,4,26.0,334.0
188,25,335,4,26.0,335.0
189,25,336,4,26.0,336.0
190,26,337,4,26.0,336.0
191,26,338,4,26.0,339.0
192,27,333,4,27.0,334.0
193,28,334,4,27.0,334.0
194,28,335,4,27.0,335.0
195,27,337,4,27.0,336.0
196,28,336,4,27.0,336.0
197,27,339,4,27.0,338.0
198,28,337,4,28.0,338.0
199,28,345,4,28.0,344.0
200,28,332,4,29.0,333.0
201,28,333,4,29.0,333.0
202,29,335,4,29.0,334.0
203,30,334,4,29.0,334.0
204,29,336,4,29.0,337.0
205,29,338,4,29.0,339.0
206,30,336,4,30.0,337.0
207,30,335,4,31.0,335.0
208,34,334,4,31.0,335.0
209,31,338,4,31.0,339.0
210,33,337,4,32.0,338.0
211,33,342,4,33.0,343.0
212,34,341,4,34.0,340.0
213,35,339,4,34.0,340.0
214,35,341,4,35.0,342.0
215,36,342,4,36.0,343.0
216,36,341,4,37.0,342.0
217,37,341,4,37.0,342.0
218,38,342,4,37.0,342.0
219,18,323,5,20.0,326.0
220,19,328,5,20.0,326.0
221,20,327,5,20.0,326.0
222,19,330,5,20.0,331.0
223,19,331,5,20.0,331.0
224,20,330,5,20.0,331.0
225,21,331,5,20.0,331.0
226,22,331,5,20.0,331.0
227,19,332,5,20.0,332.0
228,21,327,5,21.0,326.0
229,22,326,5,21.0,326.0
230,19,329,5,21.0,329.0
231,20,328,5,21.0,329.0
232,21,330,5,21.0,329.0
233,22,330,5,21.0,329.0
234,20,334,5,21.0,333.0
235,21,332,5,21.0,333.0
236,22,332,5,21.0,333.0
237,22,333,5,22.0,334.0
238,23,336,5,23.0,334.0
239,23,337,5,23.0,338.0
240,24,326,5,24.0,329.0
241,24,327,5,24.0,329.0
242,24,331,5,24.0,330.0
243,24,335,5,24.0,334.0
244,23,341,5,24.0,340.0
245,24,339,5,24.0,340.0
246,25,326,5,25.0,329.0
247,25,327,5,25.0,329.0
248,25,328,5,25.0,329.0
249,25,330,5,25.0,329.0
250,26,324,5,25.0,329.0
251,26,325,5,25.0,329.0
252,26,327,5,25.0,329.0
253,26,329,5,25.0,329.0
254,24,336,5,25.0,336.0
255,25,331,5,26.0,331.0
256,26,330,5,26.0,331.0
257,27,331,5,26.0,331.0
258,27,332,5,27.0,333.0
259,28,331,5,28.0,332.0
260,26,345,5,28.0,345.0
261,27,346,5,28.0,345.0
262,32,337,5,33.0,337.0
263,33,339,5,33.0,337.0
264,32,340,5,33.0,342.0
265,34,338,5,35.0,339.0
266,34,339,5,35.0,339.0
267,36,340,5,36.0,341.0
268,35,352,5,36.0,342.0
269,37,340,5,37.0,341.0
270,38,343,5,38.0,342.0
271,42,350,5,38.0,342.0
272,43,351,5,38.0,342.0
273,18,320,6,18.0,323.0
274,18,321,6,18.0,323.0
275,18,322,6,18.0,323.0
276,18,325,6,18.0,323.0
277,18,326,6,19.0,328.0
278,19,327,6,19.0,328.0
279,19,325,6,20.0,327.0
280,20,329,6,20.0,328.0
281,22,328,6,21.0,327.0
282,21,325,6,22.0,326.0
283,22,324,6,22.0,326.0
284,22,327,6,22.0,326.0
285,23,326,6,22.0,326.0
286,22,329,6,22.0,330.0
287,23,329,6,22.0,330.0
288,23,330,6,22.0,330.0
289,23,331,6,22.0,331.0
290,23,332,6,22.0,332.0
291,23,333,6,22.0,333.0
292,23,335,6,23.0,336.0
293,21,340,6,23.0,341.0
294,22,340,6,23.0,341.0
295,23,342,6,23.0,341.0
296,23,325,6,24.0,326.0
297,24,324,6,24.0,326.0
298,24,325,6,24.0,326.0
299,23,327,6,24.0,327.0
300,25,325,6,25.0,326.0
301,25,324,6,26.0,324.0
302,26,321,6,26.0,324.0
303,26,322,6,26.0,324.0
304,26,323,6,26.0,324.0
305,30,324,6,26.0,324.0
306,26,326,6,26.0,325.0
307,27,326,6,26.0,325.0
308,29,325,6,26.0,325.0
309,29,326,6,26.0,325.0
310,30,325,6,26.0,325.0
311,26,328,6,26.0,327.0
312,27,327,6,26.0,327.0
313,27,328,6,26.0,327.0
314,28,327,6,26.0,327.0
315,27,329,6,26.0,329.0
316,27,330,6,27.0,331.0
317,28,348,6,27.0,346.0
318,28,349,6,27.0,346.0
319,29,347,6,27.0,346.0
320,29,350,6,27.0,346.0
321,28,329,6,28.0,331.0
322,28,330,6,28.0,331.0
323,29,328,6,28.0,331.0
324,29,329,6,28.0,331.0
325,29,330,6,28.0,331.0
326,29,331,6,28.0,331.0
327,29,332,6,28.0,331.0
328,30,329,6,28.0,331.0
329,30,330,6,28.0,331.0
330,30,333,6,28.0,331.0
331,31,334,6,32.0,337.0
332,32,334,6,32.0,337.0
333,32,335,6,32.0,337.0
334,32,336,6,32.0,337.0
335,33,335,6,32.0,337.0
336,33,338,6,33.0,339.0
337,35,335,6,34.0,338.0
338,35,337,6,34.0,338.0
339,35,338,6,34.0,338.0
340,36,351,6,35.0,352.0
341,35,340,6,36.0,340.0
342,36,339,6,36.0,340.0
343,38,340,6,37.0,340.0
344,38,344,6,38.0,343.0
345,38,345,6,38.0,343.0
346,39,347,6,38.0,343.0
347,40,347,6,42.0,350.0
348,45,356,6,43.0,351.0
349,19,317,7,18.0,320.0
350,19,319,7,18.0,320.0
351,19,320,7,18.0,320.0
352,20,320,7,18.0,320.0
353,21,318,7,18.0,320.0
354,20,321,7,18.0,321.0
355,19,322,7,18.0,322.0
356,17,324,7,18.0,325.0
357,17,325,7,18.0,325.0
358,18,324,7,18.0,325.0
359,19,324,7,19.0,325.0
360,20,325,7,19.0,325.0
361,16,334,7,20.0,329.0
362,18,330,7,20.0,329.0
363,20,323,7,21.0,325.0
364,20,324,7,21.0,325.0
365,21,324,7,21.0,325.0
366,17,336,7,21.0,340.0
367,19,338,7,21.0,340.0
368,20,338,7,21.0,340.0
369,20,339,7,21.0,340.0
370,21,339,7,21.0,340.0
371,21,322,7,22.0,324.0
372,21,323,7,22.0,324.0
373,22,321,7,22.0,324.0
374,21,328,7,22.0,328.0
375,22,339,7,22.0,340.0
376,22,341,7,22.0,340.0
377,23,324,7,23.0,325.0
378,23,328,7,23.0,327.0
379,24,328,7,23.0,327.0
380,20,333,7,23.0,333.0
381,17,335,7,23.0,335.0
382,24,343,7,23.0,342.0
383,25,323,7,25.0,324.0
384,25,321,7,26.0,321.0
385,25,322,7,26.0,322.0
386,27,324,7,26.0,323.0
387,27,325,7,27.0,326.0
388,28,328,7,28.0,327.0
389,32,333,7,32.0,334.0
390,37,337,7,36.0,339.0
391,37,338,7,36.0,339.0
392,37,339,7,36.0,339.0
393,35,354,7,36.0,351.0
394,36,352,7,36.0,351.0
395,36,353,7,36.0,351.0
396,38,349,7,39.0,347.0
397,39,348,7,39.0,347.0
398,40,348,7,40.0,347.0
399,16,335,8,16.0,334.0
400,18,327,8,17.0,325.0
401,17,328,8,18.0,330.0
402,17,329,8,18.0,330.0
403,17,330,8,18.0,330.0
404,18,331,8,18.0,330.0
405,20,317,8,19.0,317.0
406,21,315,8,19.0,317.0
407,19,321,8,19.0,322.0
408,19,323,8,19.0,322.0
409,19,336,8,19.0,338.0
410,19,337,8,19.0,338.0
411,20,319,8,20.0,320.0
412,21,320,8,20.0,320.0
413,20,322,8,20.0,321.0
414,19,333,8,20.0,333.0
415,20,337,8,20.0,338.0
416,21,337,8,20.0,338.0
417,20,318,8,21.0,318.0
418,21,316,8,21.0,318.0
419,21,317,8,21.0,318.0
420,21,319,8,21.0,318.0
421,22,315,8,21.0,318.0
422,23,317,8,21.0,318.0
423,24,317,8,21.0,318.0
424,21,321,8,21.0,322.0
425,22,323,8,21.0,323.0
426,21,338,8,21.0,339.0
427,22,320,8,22.0,321.0
428,22,322,8,22.0,321.0
429,23,319,8,22.0,321.0
430,23,320,8,22.0,321.0
431,23,322,8,22.0,321.0
432,22,325,8,23.0,324.0
433,23,323,8,23.0,324.0
434,24,318,8,25.0,321.0
435,24,319,8,25.0,321.0
436,24,320,8,25.0,321.0
437,24,323,8,25.0,323.0
438,27,322,8,27.0,324.0
439,27,323,8,27.0,324.0
440,28,323,8,27.0,324.0
441,28,324,8,27.0,324.0
442,29,322,8,27.0,324.0
443,29,323,8,27.0,324.0
444,28,325,8,27.0,325.0
445,30,328,8,28.0,328.0
446,31,331,8,32.0,333.0
447,33,336,8,32.0,333.0
448,17,334,9,16.0,335.0
449,15,326,9,17.0,328.0
450,15,327,9,17.0,328.0
451,16,328,9,17.0,328.0
452,17,327,9,17.0,328.0
453,16,329,9,17.0,329.0
454,16,330,9,17.0,330.0
455,16,331,9,17.0,330.0
456,17,331,9,17.0,330.0
457,16,325,9,18.0,327.0
458,18,328,9,18.0,327.0
459,19,326,9,18.0,327.0
460,17,332,9,18.0,331.0
461,17,333,9,19.0,333.0
462,18,334,9,19.0,333.0
463,17,315,9,20.0,317.0
464,18,315,9,20.0,317.0
465,18,316,9,20.0,317.0
466,18,317,9,20.0,317.0
467,19,316,9,20.0,317.0
468,18,318,9,20.0,318.0
469,19,318,9,20.0,318.0
470,17,314,9,21.0,315.0
471,19,313,9,21.0,315.0
472,19,314,9,21.0,315.0
473,19,315,9,21.0,315.0
474,20,312,9,21.0,315.0
475,21,311,9,21.0,315.0
476,21,312,9,21.0,315.0
477,21,314,9,21.0,315.0
478,22,317,9,21.0,317.0
479,22,316,9,22.0,315.0
480,23,312,9,22.0,315.0
481,23,313,9,22.0,315.0
482,23,314,9,22.0,315.0
483,23,315,9,22.0,315.0
484,24,312,9,22.0,315.0
485,24,314,9,22.0,315.0
486,22,318,9,23.0,317.0
487,23,316,9,23.0,317.0
488,23,318,9,23.0,317.0
489,23,321,9,23.0,322.0
490,24,315,9,24.0,317.0
491,24,316,9,24.0,317.0
492,25,316,9,24.0,317.0
493,26,317,9,24.0,317.0
494,25,318,9,24.0,318.0
495,26,318,9,24.0,318.0
496,25,319,9,24.0,319.0
497,26,319,9,24.0,319.0
498,24,321,9,24.0,320.0
499,25,320,9,24.0,320.0
500,26,320,9,24.0,320.0
501,24,322,9,24.0,323.0
502,27,319,9,27.0,322.0
503,27,320,9,27.0,322.0
504,27,321,9,27.0,322.0
505,28,322,9,28.0,323.0
506,28,326,9,28.0,325.0
507,28,318,9,29.0,322.0
508,28,319,9,29.0,322.0
509,28,320,9,29.0,322.0
510,28,321,9,29.0,322.0
511,29,321,9,29.0,322.0
512,29,327,9,30.0,328.0
513,30,331,9,31.0,331.0
514,30,332,9,31.0,331.0
515,31,333,9,31.0,331.0
516,14,324,10,15.0,326.0
517,14,323,10,16.0,325.0
518,15,324,10,16.0,325.0
519,16,324,10,16.0,325.0
520,17,313,10,17.0,314.0
521,14,317,10,17.0,315.0
522,17,326,10,17.0,327.0
523,18,332,10,17.0,332.0
524,18,314,10,18.0,315.0
525,14,318,10,18.0,318.0
526,17,318,10,18.0,318.0
527,17,310,10,19.0,313.0
528,17,311,10,19.0,313.0
529,18,313,10,19.0,313.0
530,19,312,10,19.0,313.0
531,20,314,10,19.0,314.0
532,20,315,10,19.0,315.0
533,20,316,10,19.0,316.0
534,17,309,10,20.0,312.0
535,19,310,10,20.0,312.0
536,19,311,10,20.0,312.0
537,20,311,10,20.0,312.0
538,20,313,10,20.0,312.0
539,18,308,10,21.0,311.0
540,20,309,10,21.0,311.0
541,21,308,10,21.0,311.0
542,21,309,10,21.0,311.0
543,21,310,10,21.0,311.0
544,22,307,10,21.0,311.0
545,22,308,10,21.0,311.0
546,22,309,10,21.0,311.0
547,22,310,10,21.0,311.0
548,22,311,10,21.0,311.0
549,21,313,10,21.0,312.0
550,22,312,10,21.0,312.0
551,22,314,10,21.0,314.0
552,22,319,10,22.0,318.0
553,23,310,10,23.0,312.0
554,23,311,10,23.0,312.0
555,22,313,10,23.0,313.0
556,24,308,10,24.0,312.0
557,24,310,10,24.0,312.0
558,24,311,10,24.0,312.0
559,24,313,10,24.0,312.0
560,25,307,10,24.0,312.0
561,25,311,10,24.0,312.0
562,25,312,10,24.0,312.0
563,25,313,10,24.0,312.0
564,26,313,10,24.0,312.0
565,27,312,10,24.0,312.0
566,27,313,10,24.0,312.0
567,25,314,10,24.0,314.0
568,26,314,10,24.0,314.0
569,25,315,10,25.0,316.0
570,25,317,10,25.0,316.0
571,26,315,10,25.0,316.0
572,27,314,10,25.0,316.0
573,26,316,10,26.0,317.0
574,27,315,10,26.0,317.0
575,27,316,10,26.0,317.0
576,27,317,10,26.0,317.0
577,28,314,10,26.0,317.0
578,27,318,10,27.0,319.0
579,28,315,10,28.0,318.0
580,28,316,10,28.0,318.0
581,28,317,10,28.0,318.0
582,29,316,10,28.0,318.0
583,29,317,10,28.0,318.0
584,29,318,10,28.0,318.0
585,29,319,10,28.0,319.0
586,30,319,10,28.0,319.0
587,29,320,10,29.0,321.0
588,30,320,10,29.0,321.0
589,30,321,10,29.0,321.0
590,30,323,10,29.0,321.0
591,30,326,10,29.0,327.0
592,30,327,10,29.0,327.0
593,31,328,10,29.0,327.0
594,31,329,10,30.0,331.0
595,34,336,10,31.0,333.0
596,15,321,11,14.0,323.0
597,17,322,11,16.0,324.0
598,16,307,11,17.0,309.0
599,17,308,11,17.0,309.0
600,18,311,11,17.0,311.0
601,16,320,11,17.0,318.0
602,17,316,11,17.0,318.0
603,17,319,11,17.0,318.0
604,16,306,11,18.0,308.0
605,17,307,11,18.0,308.0
606,18,306,11,18.0,308.0
607,18,307,11,18.0,308.0
608,18,309,11,18.0,308.0
609,19,306,11,18.0,308.0
610,19,307,11,18.0,308.0
611,19,308,11,18.0,308.0
612,18,312,11,18.0,313.0
613,19,309,11,19.0,310.0
614,20,308,11,20.0,309.0
615,20,310,11,20.0,309.0
616,20,306,11,21.0,308.0
617,20,307,11,21.0,308.0
618,21,307,11,21.0,308.0
619,21,305,11,22.0,307.0
620,21,306,11,22.0,307.0
621,22,304,11,22.0,307.0
622,22,305,11,22.0,307.0
623,22,306,11,22.0,307.0
624,23,307,11,22.0,307.0
625,23,308,11,22.0,308.0
626,23,309,11,23.0,310.0
627,24,307,11,24.0,308.0
628,24,309,11,24.0,308.0
629,25,305,11,25.0,307.0
630,27,306,11,25.0,307.0
631,25,310,11,25.0,311.0
632,26,311,11,25.0,311.0
633,26,312,11,26.0,313.0
634,27,309,11,27.0,312.0
635,27,311,11,27.0,312.0
636,28,311,11,27.0,312.0
637,28,313,11,28.0,314.0
638,30,312,11,28.0,314.0
639,30,317,11,29.0,317.0
640,30,318,11,30.0,319.0
641,31,318,11,30.0,319.0
642,31,319,11,30.0,319.0
643,30,322,11,30.0,321.0
644,31,327,11,31.0,328.0
645,31,332,11,31.0,329.0
646,34,337,11,34.0,336.0
647,16,314,12,17.0,316.0
648,16,315,12,17.0,316.0
649,16,316,12,17.0,316.0
650,16,317,12,17.0,316.0
651,17,317,12,17.0,316.0
652,16,318,12,17.0,319.0
653,17,320,12,17.0,319.0
654,18,319,12,17.0,319.0
655,17,304,12,18.0,306.0
656,18,303,12,18.0,306.0
657,18,305,12,18.0,306.0
658,18,310,12,18.0,309.0
659,17,312,12,18.0,312.0
660,19,304,12,19.0,306.0
661,19,305,12,19.0,306.0
662,20,305,12,20.0,306.0
663,19,302,12,21.0,305.0
664,19,303,12,21.0,305.0
665,20,303,12,21.0,305.0
666,20,304,12,21.0,305.0
667,21,304,12,21.0,305.0
668,18,296,12,22.0,304.0
669,19,297,12,22.0,304.0
670,19,299,12,22.0,304.0
671,19,300,12,22.0,304.0
672,19,301,12,22.0,304.0
673,20,299,12,22.0,304.0
674,20,301,12,22.0,304.0
675,20,302,12,22.0,304.0
676,21,301,12,22.0,304.0
677,21,302,12,22.0,304.0
678,22,303,12,22.0,304.0
679,23,300,12,22.0,304.0
680,23,305,12,22.0,305.0
681,23,306,12,23.0,307.0
682,24,306,12,24.0,307.0
683,25,308,12,24.0,307.0
684,24,303,12,25.0,305.0
685,24,304,12,25.0,305.0
686,24,305,12,25.0,305.0
687,25,306,12,25.0,305.0
688,25,309,12,25.0,310.0
689,26,310,12,26.0,311.0
690,26,306,12,27.0,306.0
691,27,307,12,27.0,306.0
692,26,308,12,27.0,309.0
693,26,309,12,27.0,309.0
694,27,308,12,27.0,309.0
695,29,311,12,28.0,311.0
696,29,313,12,28.0,313.0
697,29,314,12,28.0,313.0
698,29,312,12,30.0,312.0
699,29,315,12,30.0,317.0
700,30,315,12,30.0,317.0
701,29,324,12,30.0,322.0
702,31,321,12,30.0,322.0
703,31,322,12,30.0,322.0
704,31,323,12,30.0,322.0
705,31,324,12,30.0,322.0
706,31,320,12,31.0,319.0
707,31,325,12,31.0,327.0
708,32,326,12,31.0,327.0
709,31,330,12,31.0,332.0
710,33,333,12,31.0,332.0
711,15,314,13,16.0,314.0
712,16,313,13,16.0,314.0
713,17,305,13,17.0,304.0
714,17,323,13,17.0,320.0
715,20,291,13,18.0,296.0
716,17,302,13,18.0,303.0
717,18,302,13,18.0,303.0
718,18,304,13,18.0,303.0
719,19,296,13,19.0,297.0
720,20,295,13,19.0,297.0
721,20,296,13,19.0,297.0
722,21,294,13,19.0,297.0
723,18,299,13,19.0,299.0
724,17,300,13,19.0,300.0
725,18,300,13,19.0,300.0
726,18,301,13,19.0,301.0
727,20,300,13,20.0,301.0
728,21,300,13,21.0,301.0
729,22,301,13,21.0,301.0
730,21,303,13,21.0,302.0
731,22,302,13,22.0,303.0
732,23,303,13,22.0,303.0
733,22,298,13,23.0,300.0
734,22,299,13,23.0,300.0
735,22,300,13,23.0,300.0
736,23,299,13,23.0,300.0
737,23,301,13,23.0,300.0
738,24,299,13,23.0,300.0
739,24,300,13,23.0,300.0
740,23,304,13,23.0,305.0
741,23,302,13,24.0,303.0
742,24,302,13,24.0,303.0
743,25,304,13,24.0,304.0
744,26,305,13,26.0,306.0
745,26,307,13,26.0,308.0
746,27,310,13,26.0,310.0
747,28,305,13,27.0,307.0
748,28,307,13,27.0,307.0
749,28,309,13,27.0,308.0
750,28,310,13,29.0,311.0
751,29,309,13,29.0,311.0
752,28,312,13,29.0,312.0
753,31,317,13,30.0,315.0
754,15,313,14,15.0,314.0
755,15,312,14,16.0,313.0
756,16,312,14,16.0,313.0
757,16,322,14,17.0,323.0
758,16,323,14,17.0,323.0
759,17,321,14,17.0,323.0
760,18,298,14,18.0,299.0
761,19,298,14,18.0,299.0
762,20,294,14,20.0,295.0
763,20,297,14,20.0,296.0
764,21,296,14,20.0,296.0
765,21,295,14,21.0,294.0
766,22,293,14,21.0,294.0
767,22,295,14,21.0,294.0
768,23,294,14,21.0,294.0
769,24,295,14,21.0,294.0
770,21,299,14,21.0,300.0
771,21,297,14,22.0,298.0
772,21,298,14,22.0,298.0
773,22,296,14,22.0,298.0
774,22,297,14,22.0,298.0
775,23,296,14,22.0,298.0
776,23,297,14,22.0,298.0
777,24,296,14,22.0,298.0
778,23,298,14,23.0,299.0
779,24,297,14,24.0,299.0
780,24,298,14,24.0,299.0
781,25,295,14,24.0,299.0
782,25,296,14,24.0,299.0
783,25,297,14,24.0,299.0
784,25,298,14,24.0,299.0
785,25,299,14,24.0,299.0
786,26,295,14,24.0,299.0
787,26,298,14,24.0,299.0
788,26,299,14,24.0,299.0
789,27,299,14,24.0,299.0
790,25,300,14,24.0,300.0
791,25,301,14,24.0,300.0
792,26,300,14,24.0,300.0
793,28,300,14,24.0,300.0
794,25,302,14,24.0,302.0
795,25,303,14,25.0,304.0
796,26,303,14,25.0,304.0
797,26,304,14,26.0,305.0
798,27,305,14,26.0,305.0
799,27,303,14,28.0,305.0
800,27,304,14,28.0,305.0
801,28,303,14,28.0,305.0
802,28,304,14,28.0,305.0
803,28,306,14,28.0,305.0
804,29,305,14,28.0,305.0
805,29,306,14,28.0,305.0
806,30,313,14,28.0,312.0
807,30,314,14,28.0,312.0
808,31,313,14,28.0,312.0
809,30,316,14,31.0,317.0
810,31,314,14,31.0,317.0
811,31,315,14,31.0,317.0
812,32,317,14,31.0,317.0
813,32,327,14,31.0,317.0
814,32,328,14,31.0,317.0
815,32,329,14,31.0,317.0
816,32,330,14,31.0,317.0
817,15,320,15,16.0,322.0
818,20,298,15,20.0,297.0
819,20,289,15,22.0,293.0
820,21,290,15,22.0,293.0
821,21,293,15,22.0,293.0
822,22,288,15,22.0,293.0
823,22,290,15,22.0,293.0
824,22,292,15,22.0,293.0
825,22,294,15,22.0,293.0
826,23,289,15,22.0,293.0
827,23,290,15,22.0,293.0
828,23,292,15,22.0,293.0
829,23,293,15,23.0,294.0
830,23,295,15,23.0,294.0
831,24,292,15,23.0,294.0
832,24,293,15,23.0,294.0
833,25,291,15,23.0,294.0
834,25,292,15,23.0,294.0
835,24,294,15,24.0,295.0
836,25,293,15,25.0,295.0
837,25,294,15,25.0,295.0
838,24,301,15,25.0,301.0
839,26,292,15,26.0,295.0
840,26,296,15,26.0,295.0
841,27,295,15,26.0,295.0
842,27,296,15,26.0,295.0
843,26,297,15,26.0,298.0
844,27,297,15,26.0,298.0
845,26,301,15,26.0,300.0
846,26,302,15,26.0,303.0
847,27,298,15,27.0,299.0
848,28,298,15,27.0,299.0
849,27,302,15,27.0,303.0
850,27,301,15,28.0,300.0
851,28,299,15,28.0,300.0
852,28,301,15,28.0,300.0
853,29,300,15,28.0,300.0
854,29,301,15,28.0,300.0
855,30,298,15,28.0,300.0
856,30,300,15,28.0,300.0
857,30,301,15,28.0,300.0
858,28,302,15,28.0,303.0
859,29,303,15,28.0,303.0
860,30,303,15,28.0,303.0
861,28,308,15,28.0,306.0
862,29,304,15,29.0,305.0
863,30,304,15,29.0,305.0
864,30,305,15,29.0,305.0
865,31,303,15,29.0,305.0
866,31,304,15,29.0,305.0
867,29,307,15,29.0,306.0
868,30,306,15,29.0,306.0
869,30,309,15,29.0,306.0
870,31,309,15,29.0,306.0
871,29,310,15,30.0,313.0
872,30,310,15,30.0,313.0
873,30,311,15,30.0,313.0
874,31,310,15,31.0,313.0
875,31,311,15,31.0,313.0
876,31,312,15,31.0,313.0
877,32,310,15,31.0,313.0
878,32,314,15,31.0,314.0
879,31,316,15,31.0,315.0
880,32,318,15,32.0,317.0
881,32,324,15,32.0,327.0
882,22,287,16,22.0,288.0
883,22,289,16,22.0,288.0
884,22,291,16,22.0,292.0
885,24,287,16,23.0,289.0
886,25,287,16,23.0,289.0
887,25,288,16,23.0,289.0
888,24,290,16,23.0,290.0
889,23,291,16,23.0,292.0
890,25,289,16,25.0,291.0
891,25,290,16,25.0,291.0
892,26,289,16,25.0,291.0
893,26,290,16,25.0,291.0
894,26,294,16,25.0,294.0
895,26,291,16,26.0,292.0
896,26,293,16,26.0,292.0
897,27,291,16,26.0,292.0
898,27,292,16,26.0,292.0
899,27,293,16,26.0,292.0
900,28,290,16,26.0,292.0
901,28,291,16,26.0,292.0
902,27,294,16,27.0,295.0
903,28,294,16,27.0,295.0
904,29,296,16,27.0,296.0
905,27,300,16,27.0,301.0
906,28,297,16,28.0,298.0
907,29,299,16,29.0,300.0
908,29,302,16,29.0,301.0
909,29,308,16,29.0,307.0
910,31,296,16,30.0,298.0
911,31,297,16,30.0,298.0
912,31,298,16,30.0,298.0
913,31,299,16,30.0,298.0
914,31,300,16,30.0,300.0
915,30,302,16,30.0,301.0
916,31,301,16,30.0,301.0
917,30,307,16,30.0,306.0
918,31,306,16,30.0,306.0
919,31,307,16,30.0,306.0
920,30,308,16,30.0,309.0
921,31,302,16,31.0,303.0
922,32,302,16,31.0,303.0
923,32,303,16,31.0,303.0
924,32,305,16,31.0,304.0
925,32,306,16,31.0,304.0
926,31,308,16,31.0,309.0
927,32,308,16,31.0,309.0
928,32,312,16,31.0,312.0
929,32,309,16,32.0,310.0
930,32,311,16,32.0,310.0
931,33,312,16,32.0,310.0
932,32,313,16,32.0,314.0
933,32,315,16,32.0,314.0
934,33,313,16,32.0,314.0
935,33,314,16,32.0,314.0
936,32,319,16,32.0,318.0
937,33,320,16,32.0,318.0
938,32,321,16,32.0,324.0
939,19,294,17,22.0,291.0
940,19,295,17,22.0,291.0
941,20,292,17,22.0,291.0
942,21,291,17,22.0,291.0
943,23,288,17,24.0,287.0
944,24,289,17,24.0,290.0
945,24,291,17,24.0,290.0
946,26,284,17,25.0,287.0
947,26,287,17,25.0,287.0
948,27,287,17,25.0,287.0
949,28,286,17,25.0,287.0
950,27,288,17,26.0,289.0
951,16,305,17,27.0,300.0
952,17,306,17,27.0,300.0
953,28,287,17,28.0,290.0
954,28,288,17,28.0,290.0
955,29,287,17,28.0,290.0
956,28,292,17,28.0,291.0
957,29,292,17,28.0,291.0
958,30,291,17,28.0,291.0
959,28,293,17,28.0,294.0
960,28,296,17,28.0,297.0
961,29,297,17,29.0,296.0
962,30,296,17,29.0,296.0
963,29,298,17,29.0,299.0
964,16,309,17,29.0,308.0
965,32,299,17,31.0,299.0
966,32,300,17,31.0,300.0
967,32,301,17,32.0,302.0
968,33,306,17,32.0,306.0
969,32,307,17,32.0,308.0
970,33,308,17,32.0,308.0
971,34,307,17,32.0,308.0
972,34,308,17,32.0,308.0
973,33,310,17,32.0,309.0
974,32,316,17,32.0,315.0
975,32,320,17,32.0,319.0
976,32,323,17,32.0,321.0
977,33,311,17,33.0,312.0
978,33,321,17,33.0,320.0
979,17,303,18,16.0,305.0
980,18,295,18,19.0,295.0
981,18,297,18,19.0,295.0
982,19,291,18,20.0,292.0
983,19,292,18,20.0,292.0
984,20,293,18,20.0,292.0
985,20,290,18,21.0,291.0
986,21,289,18,21.0,291.0
987,21,292,18,21.0,291.0
988,21,288,18,23.0,288.0
989,23,286,18,23.0,288.0
990,23,287,18,23.0,288.0
991,24,286,18,23.0,288.0
992,24,288,18,24.0,289.0
993,24,285,18,26.0,284.0
994,25,284,18,26.0,284.0
995,25,285,18,26.0,284.0
996,26,283,18,26.0,284.0
997,26,285,18,26.0,284.0
998,27,284,18,26.0,284.0
999,27,289,18,27.0,288.0
1000,27,290,18,27.0,288.0
1001,29,294,18,28.0,293.0
1002,29,293,18,29.0,292.0
1003,30,299,18,29.0,298.0
1004,29,295,18,30.0,296.0
1005,31,305,18,32.0,307.0
1006,33,318,18,32.0,316.0
1007,33,319,18,32.0,320.0
1008,32,322,18,32.0,323.0
1009,32,325,18,32.0,323.0
1010,33,325,18,32.0,323.0
1011,33,309,18,33.0,308.0
1012,33,322,18,33.0,321.0
1013,34,320,18,33.0,321.0
1014,19,293,19,19.0,292.0
1015,17,285,19,21.0,288.0
1016,21,286,19,21.0,288.0
1017,21,285,19,23.0,286.0
1018,22,286,19,23.0,286.0
1019,23,285,19,23.0,286.0
1020,24,283,19,25.0,284.0
1021,25,283,19,25.0,284.0
1022,27,282,19,26.0,283.0
1023,26,286,19,26.0,285.0
1024,27,283,19,27.0,284.0
1025,27,285,19,27.0,284.0
1026,29,281,19,27.0,284.0
1027,30,281,19,27.0,284.0
1028,26,288,19,27.0,289.0
1029,29,288,19,27.0,289.0
1030,30,292,19,29.0,293.0
1031,28,295,19,29.0,295.0
1032,31,326,19,32.0,325.0
1033,35,314,19,33.0,318.0
1034,33,329,19,33.0,325.0
1035,16,303,20,19.0,293.0
1036,17,297,20,19.0,293.0
1037,17,299,20,19.0,293.0
1038,18,292,20,19.0,293.0
1039,21,287,20,21.0,286.0
1040,22,284,20,23.0,285.0
1041,22,283,20,24.0,283.0
1042,24,284,20,24.0,283.0
1043,25,286,20,26.0,286.0
1044,27,286,20,27.0,285.0
1045,28,285,20,27.0,285.0
1046,29,285,20,27.0,285.0
1047,30,297,20,28.0,295.0
1048,29,282,20,29.0,281.0
1049,29,290,20,29.0,288.0
1050,31,289,20,29.0,288.0
1051,30,282,20,30.0,281.0
1052,29,291,20,30.0,292.0
1053,30,294,20,30.0,292.0
1054,33,323,20,31.0,326.0
1055,33,328,20,33.0,329.0
1056,34,311,20,35.0,314.0
1057,34,312,20,35.0,314.0
1058,28,284,21,28.0,285.0
1059,26,281,21,29.0,282.0
1060,28,281,21,29.0,282.0
1061,28,282,21,29.0,282.0
1062,28,283,21,29.0,282.0
1063,29,284,21,29.0,285.0
1064,29,286,21,29.0,285.0
1065,28,289,21,29.0,290.0
1066,29,289,21,29.0,290.0
1067,30,293,21,30.0,294.0
1068,30,295,21,30.0,294.0
1069,31,293,21,30.0,294.0
1070,31,294,21,30.0,294.0
1071,31,295,21,30.0,294.0
1072,32,293,21,30.0,294.0
1073,32,294,21,30.0,294.0
1074,32,295,21,30.0,294.0
1075,33,294,21,30.0,294.0
1076,33,295,21,30.0,294.0
1077,32,297,21,30.0,297.0
1078,32,298,21,30.0,297.0
1079,33,297,21,30.0,297.0
1080,33,298,21,30.0,297.0
1081,33,300,21,30.0,297.0
1082,33,302,21,30.0,297.0
1083,33,303,21,30.0,297.0
1084,34,302,21,30.0,297.0
1085,34,303,21,30.0,297.0
1086,30,289,21,31.0,289.0
1087,33,324,21,33.0,323.0
1088,34,319,21,33.0,323.0
1089,33,326,21,33.0,328.0
1090,33,327,21,33.0,328.0
1091,34,326,21,33.0,328.0
1092,34,327,21,33.0,328.0
1093,32,304,21,34.0,311.0
1094,33,304,21,34.0,311.0
1095,33,305,21,34.0,311.0
1096,33,307,21,34.0,311.0
1097,35,309,21,34.0,311.0
1098,35,311,21,34.0,311.0
1099,33,315,21,34.0,312.0
1100,33,317,21,34.0,312.0
1101,34,316,21,34.0,312.0
1102,35,312,21,34.0,312.0
1103,25,282,22,26.0,281.0
1104,26,282,22,26.0,281.0
1105,29,283,22,29.0,284.0
1106,30,283,22,29.0,284.0
1107,30,284,22,29.0,284.0
1108,30,286,22,29.0,286.0
1109,31,286,22,29.0,286.0
1110,30,288,22,30.0,289.0
1111,30,290,22,30.0,289.0
1112,31,287,22,30.0,289.0
1113,31,288,22,30.0,289.0
1114,31,290,22,30.0,289.0
1115,32,288,22,30.0,289.0
1116,32,289,22,30.0,289.0
1117,33,288,22,30.0,289.0
1118,34,288,22,30.0,289.0
1119,31,291,22,31.0,293.0
1120,31,292,22,31.0,293.0
1121,33,290,22,32.0,293.0
1122,33,291,22,32.0,293.0
1123,34,289,22,32.0,293.0
1124,34,290,22,32.0,293.0
1125,32,296,22,32.0,295.0
1126,34,292,22,33.0,294.0
1127,33,296,22,33.0,295.0
1128,34,295,22,33.0,295.0
1129,34,297,22,33.0,297.0
1130,35,297,22,33.0,297.0
1131,36,297,22,33.0,297.0
1132,33,299,22,33.0,298.0
1133,34,298,22,33.0,298.0
1134,35,298,22,33.0,298.0
1135,35,299,22,33.0,298.0
1136,33,301,22,33.0,300.0
1137,34,305,22,33.0,305.0
1138,35,306,22,33.0,305.0
1139,33,316,22,33.0,317.0
1140,34,323,22,33.0,324.0
1141,33,330,22,33.0,327.0
1142,35,300,22,34.0,302.0
1143,35,301,22,34.0,302.0
1144,35,302,22,34.0,302.0
1145,36,301,22,34.0,302.0
1146,36,302,22,34.0,302.0
1147,37,301,22,34.0,302.0
1148,37,302,22,34.0,302.0
1149,34,304,22,34.0,303.0
1150,35,303,22,34.0,303.0
1151,35,304,22,34.0,303.0
1152,35,305,22,34.0,303.0
1153,36,303,22,34.0,303.0
1154,36,305,22,34.0,303.0
1155,35,320,22,34.0,319.0
1156,35,324,22,34.0,326.0
1157,34,328,22,34.0,327.0
1158,36,332,22,34.0,327.0
1159,34,309,22,35.0,309.0
1160,35,307,22,35.0,309.0
1161,35,308,22,35.0,309.0
1162,35,310,22,35.0,309.0
1163,36,306,22,35.0,309.0
1164,20,288,23,25.0,282.0
1165,23,283,23,25.0,282.0
1166,27,281,23,26.0,282.0
1167,28,280,23,26.0,282.0
1168,31,283,23,30.0,283.0
1169,30,285,23,30.0,284.0
1170,30,287,23,30.0,286.0
1171,32,285,23,31.0,286.0
1172,32,286,23,31.0,286.0
1173,33,285,23,31.0,286.0
1174,32,291,23,31.0,291.0
1175,32,292,23,31.0,292.0
1176,32,287,23,32.0,288.0
1177,32,290,23,32.0,289.0
1178,33,286,23,33.0,288.0
1179,33,289,23,33.0,288.0
1180,36,315,23,33.0,316.0
1181,37,315,23,33.0,316.0
1182,34,286,23,34.0,288.0
1183,37,293,23,34.0,292.0
1184,34,296,23,34.0,295.0
1185,35,295,23,34.0,295.0
1186,34,299,23,34.0,298.0
1187,34,306,23,34.0,305.0
1188,36,299,23,35.0,299.0
1189,35,319,23,35.0,320.0
1190,36,295,23,36.0,297.0
1191,36,296,23,36.0,297.0
1192,36,298,23,36.0,297.0
1193,36,304,23,36.0,303.0
1194,37,307,23,36.0,306.0
1195,37,308,23,36.0,306.0
1196,23,284,24,23.0,283.0
1197,31,285,24,30.0,285.0
1198,32,284,24,32.0,285.0
1199,33,293,24,32.0,292.0
1200,33,287,24,33.0,286.0
1201,35,289,24,33.0,289.0
1202,34,287,24,34.0,286.0
1203,35,288,24,34.0,286.0
1204,34,294,24,35.0,295.0
1205,35,296,24,35.0,295.0
1206,32,331,24,35.0,319.0
1207,34,329,24,35.0,319.0
1208,36,294,24,36.0,295.0
1209,37,304,24,36.0,304.0
1210,37,305,24,36.0,304.0
1211,34,314,24,36.0,315.0
1212,35,313,24,36.0,315.0
1213,35,292,24,37.0,293.0
1214,36,293,24,37.0,293.0
1215,21,284,25,23.0,284.0
1216,22,285,25,23.0,284.0
1217,31,282,25,32.0,284.0
1218,33,292,25,33.0,293.0
1219,34,313,25,34.0,314.0
1220,34,315,25,34.0,314.0
1221,34,317,25,34.0,314.0
1222,34,318,25,34.0,314.0
1223,36,321,25,34.0,314.0
1224,34,330,25,34.0,329.0
1225,35,326,25,34.0,329.0
1226,35,330,25,34.0,329.0
1227,36,324,25,34.0,329.0
1228,36,325,25,34.0,329.0
1229,36,327,25,34.0,329.0
1230,37,322,25,34.0,329.0
1231,37,325,25,34.0,329.0
1232,34,291,25,35.0,292.0
1233,34,301,25,37.0,304.0
1234,36,307,25,37.0,305.0
1235,37,306,25,37.0,305.0
1236,35,294,26,33.0,292.0
1237,35,286,26,34.0,291.0
1238,35,290,26,34.0,291.0
1239,35,291,26,34.0,291.0
1240,35,293,26,34.0,291.0
1241,34,310,26,34.0,313.0
1242,37,312,26,34.0,313.0
1243,33,331,26,34.0,330.0
1244,35,332,26,35.0,330.0
1245,36,330,26,35.0,330.0
1246,36,331,26,35.0,330.0
1247,34,321,26,36.0,321.0
1248,35,321,26,36.0,321.0
1249,36,319,26,36.0,321.0
1250,36,322,26,36.0,321.0
1251,37,321,26,37.0,322.0
1252,37,324,26,37.0,325.0
1253,33,332,27,33.0,331.0
1254,34,324,27,34.0,321.0
1255,23,281,27,35.0,286.0
1256,23,282,27,35.0,286.0
1257,34,300,27,35.0,294.0
1258,36,300,27,35.0,294.0
1259,35,322,27,35.0,321.0
1260,35,331,27,35.0,332.0
1261,35,316,27,36.0,319.0
1262,35,318,27,36.0,319.0
1263,36,316,27,36.0,319.0
1264,36,318,27,36.0,319.0
1265,36,320,27,36.0,319.0
1266,35,329,27,36.0,330.0
1267,38,328,27,36.0,330.0
1268,36,311,27,37.0,312.0
1269,36,313,27,37.0,312.0
1270,35,325,27,37.0,324.0
1271,31,284,28,23.0,282.0
1272,33,334,28,33.0,332.0
1273,35,315,28,35.0,316.0
1274,34,322,28,35.0,322.0
1275,35,323,28,35.0,322.0
1276,36,323,28,35.0,322.0
1277,35,327,28,35.0,325.0
1278,34,331,28,35.0,331.0
1279,35,287,28,36.0,300.0
1280,36,291,28,36.0,300.0
1281,36,292,28,36.0,300.0
1282,37,296,28,36.0,300.0
1283,37,297,28,36.0,300.0
1284,37,298,28,36.0,300.0
1285,37,299,28,36.0,300.0
1286,37,300,28,36.0,300.0
1287,37,303,28,36.0,300.0
1288,38,300,28,36.0,300.0
1289,38,303,28,36.0,300.0
1290,39,299,28,36.0,300.0
1291,39,302,28,36.0,300.0
1292,37,319,28,36.0,318.0
1293,37,320,28,36.0,320.0
1294,38,322,28,36.0,320.0
1295,37,327,28,38.0,328.0
1296,32,283,29,31.0,284.0
1297,33,284,29,31.0,284.0
1298,32,332,29,33.0,334.0
1299,34,285,29,35.0,287.0
1300,37,314,29,35.0,315.0
1301,38,315,29,35.0,315.0
1302,34,325,29,35.0,327.0
1303,36,289,29,36.0,291.0
1304,36,290,29,36.0,291.0
1305,37,291,29,36.0,291.0
1306,34,293,29,36.0,292.0
1307,37,292,29,36.0,292.0
1308,37,294,29,37.0,296.0
1309,36,308,29,37.0,303.0
1310,36,329,29,37.0,327.0
1311,37,330,29,37.0,327.0
1312,38,304,29,38.0,303.0
1313,38,305,29,38.0,303.0
1314,39,304,29,38.0,303.0
1315,34,332,30,32.0,332.0
1316,34,333,30,32.0,332.0
1317,34,335,30,32.0,332.0
1318,35,336,30,32.0,332.0
1319,36,326,30,34.0,325.0
1320,37,323,30,34.0,325.0
1321,38,324,30,34.0,325.0
1322,36,288,30,36.0,289.0
1323,37,310,30,36.0,308.0
1324,35,328,30,36.0,329.0
1325,36,328,30,36.0,329.0
1326,37,326,30,36.0,329.0
1327,36,312,30,37.0,314.0
1328,38,301,30,38.0,304.0
1329,37,318,30,38.0,315.0
1330,41,321,30,38.0,315.0
1331,37,331,31,36.0,328.0
1332,38,329,31,36.0,328.0
1333,36,310,31,37.0,310.0
1334,39,316,31,37.0,318.0
1335,39,323,31,38.0,324.0
1336,40,327,31,38.0,324.0
1337,41,315,31,41.0,321.0
1338,36,309,32,36.0,310.0
1339,37,311,32,36.0,310.0
1340,37,313,32,36.0,310.0
1341,38,308,32,36.0,310.0
1342,38,309,32,36.0,310.0
1343,37,332,32,37.0,331.0
1344,37,333,32,37.0,331.0
1345,37,328,32,38.0,329.0
1346,38,330,32,38.0,329.0
1347,38,321,32,39.0,323.0
1348,39,322,32,39.0,323.0
1349,39,327,32,40.0,327.0
1350,35,317,33,37.0,313.0
1351,36,314,33,37.0,313.0
1352,37,329,33,37.0,328.0
1353,35,333,33,37.0,333.0
1354,36,336,33,37.0,333.0
1355,37,335,33,37.0,333.0
1356,38,302,33,38.0,308.0
1357,38,307,33,38.0,308.0
1358,40,332,33,38.0,330.0
1359,40,329,33,39.0,327.0
1360,41,326,33,39.0,327.0
1361,38,318,34,35.0,317.0
1362,39,318,34,35.0,317.0
1363,37,316,34,36.0,314.0
1364,36,338,34,36.0,336.0
1365,38,306,34,38.0,307.0
1366,39,329,34,40.0,329.0
1367,36,333,35,36.0,338.0
1368,38,314,35,37.0,316.0
1369,39,312,35,37.0,316.0
1370,39,313,35,37.0,316.0
1371,39,314,35,37.0,316.0
1372,37,295,35,38.0,306.0
1373,37,309,35,38.0,306.0
1374,39,303,35,38.0,306.0
1375,40,304,35,38.0,306.0
1376,38,317,35,38.0,318.0
1377,40,315,35,39.0,318.0
1378,35,334,36,36.0,333.0
1379,36,334,36,36.0,333.0
1380,38,331,36,36.0,333.0
1381,38,336,36,36.0,333.0
1382,38,337,36,36.0,333.0
1383,38,338,36,36.0,333.0
1384,37,317,36,38.0,317.0
1385,40,322,36,38.0,317.0
1386,40,323,36,38.0,317.0
1387,40,317,37,37.0,317.0
1388,39,328,37,38.0,331.0
1389,40,333,37,38.0,331.0
1390,40,326,37,40.0,323.0
1391,38,327,38,39.0,328.0
1392,39,330,38,39.0,328.0
1393,39,320,38,40.0,317.0
1394,38,323,38,40.0,326.0
1395,38,325,38,40.0,326.0
1396,37,334,38,40.0,333.0
1397,37,336,38,40.0,333.0
1398,39,335,38,40.0,333.0
1399,41,338,38,40.0,333.0
1400,36,335,39,37.0,336.0
1401,39,332,39,39.0,330.0
1402,38,335,39,39.0,335.0
1403,39,333,39,39.0,335.0
1404,40,336,39,39.0,335.0
1405,40,339,39,41.0,338.0
1406,40,340,39,41.0,338.0
1407,44,355,39,41.0,338.0
1408,38,326,40,39.0,332.0
1409,39,324,40,39.0,332.0
1410,39,334,40,39.0,333.0
1411,40,334,40,39.0,333.0
1412,40,337,40,40.0,336.0
1413,38,339,40,40.0,339.0
1414,36,337,41,38.0,339.0
1415,39,321,41,39.0,324.0
1416,40,321,41,39.0,324.0
1417,40,335,41,40.0,334.0
1418,39,337,41,40.0,337.0
1419,40,338,41,40.0,337.0
1420,39,336,42,39.0,337.0
1421,38,332,43,39.0,336.0
1422,39,331,43,39.0,336.0
1423,40,328,43,39.0,336.0
1424,41,327,43,39.0,336.0
1425,38,334,44,38.0,332.0
1426,41,337,45,38.0,334.0
1427,41,340,45,38.0,334.0
1428,39,339,46,41.0,340.0
1429,43,347,46,41.0,340.0
1430,44,352,46,41.0,340.0
1431,45,354,46,41.0,340.0
1432,45,355,46,41.0,340.0
1433,44,354,47,45.0,354.0
1434,44,356,47,45.0,355.0
1435,44,357,47,45.0,355.0
1436,53,356,47,45.0,355.0
1437,46,354,48,44.0,354.0
1438,43,355,48,44.0,356.0
1439,43,356,48,44.0,356.0
1440,43,357,48,44.0,357.0
1441,43,358,48,44.0,357.0
1442,44,358,49,43.0,358.0
1443,45,353,49,46.0,354.0
1444,46,355,49,46.0,354.0
1445,44,351,50,45.0,353.0
1446,44,353,50,45.0,353.0
1447,43,349,51,44.0,351.0
1448,46,356,51,44.0,353.0
1449,44,350,52,43.0,349.0
1450,43,354,54,44.0,350.0
1451,51,355,57,43.0,354.0
1452,53,355,57,43.0,354.0
