,child_lat,child_lng,depth,parent_lat,parent_lng,color
0,33,290,1,37.0,290.0,green
1,33,293,1,37.0,290.0,gray
2,33,294,1,37.0,290.0,gray
3,34,290,1,37.0,290.0,red
4,34,293,1,37.0,290.0,gray
5,34,305,1,37.0,290.0,green
6,35,290,1,37.0,290.0,gray
7,35,292,1,37.0,290.0,gray
8,35,295,1,37.0,290.0,green
9,35,296,1,37.0,290.0,gray
10,35,298,1,37.0,290.0,green
11,35,302,1,37.0,290.0,red
12,35,305,1,37.0,290.0,gray
13,35,306,1,37.0,290.0,gray
14,36,290,1,37.0,290.0,gray
15,36,294,1,37.0,290.0,gray
16,36,295,1,37.0,290.0,green
17,36,298,1,37.0,290.0,green
18,36,306,1,37.0,290.0,green
19,37,291,1,37.0,290.0,green
20,37,292,1,37.0,290.0,red
21,37,294,1,37.0,290.0,gray
22,37,295,1,37.0,290.0,gray
23,37,296,1,37.0,290.0,gray
24,37,300,1,37.0,290.0,gray
25,37,301,1,37.0,290.0,green
26,38,291,1,37.0,290.0,red
27,38,292,1,37.0,290.0,green
28,38,294,1,37.0,290.0,gray
29,38,295,1,37.0,290.0,green
30,38,297,1,37.0,290.0,green
31,38,298,1,37.0,290.0,gray
32,39,289,1,37.0,290.0,gray
33,39,290,1,37.0,290.0,gray
34,39,291,1,37.0,290.0,green
35,39,292,1,37.0,290.0,gray
36,39,295,1,37.0,290.0,gray
37,39,296,1,37.0,290.0,green
38,39,297,1,37.0,290.0,green
39,39,299,1,37.0,290.0,gray
40,39,300,1,37.0,290.0,gray
41,40,291,1,37.0,290.0,gray
42,40,292,1,37.0,290.0,gray
43,40,294,1,37.0,290.0,green
44,40,295,1,37.0,290.0,red
45,40,296,1,37.0,290.0,red
46,40,297,1,37.0,290.0,gray
47,40,300,1,37.0,290.0,green
48,41,300,1,37.0,290.0,red
49,41,301,1,37.0,290.0,gray
50,41,303,1,37.0,290.0,red
51,42,299,1,37.0,290.0,green
52,42,304,1,37.0,290.0,green
53,29,285,2,33.0,290.0,green
54,31,287,2,33.0,290.0,green
55,31,289,2,33.0,290.0,red
56,31,290,2,33.0,290.0,green
57,32,286,2,33.0,290.0,green
58,32,287,2,33.0,290.0,green
59,32,289,2,33.0,290.0,green
60,32,290,2,33.0,290.0,red
61,32,291,2,33.0,290.0,green
62,33,283,2,33.0,290.0,green
63,33,286,2,33.0,290.0,green
64,33,287,2,33.0,290.0,gray
65,33,288,2,33.0,290.0,green
66,33,289,2,33.0,290.0,green
67,33,291,2,33.0,290.0,green
68,31,292,2,33.0,293.0,green
69,31,293,2,33.0,293.0,green
70,32,292,2,33.0,293.0,gray
71,32,293,2,33.0,293.0,green
72,33,292,2,33.0,293.0,gray
73,30,296,2,33.0,294.0,red
74,31,294,2,33.0,294.0,gray
75,31,295,2,33.0,294.0,red
76,31,296,2,33.0,294.0,red
77,31,297,2,33.0,294.0,green
78,32,294,2,33.0,294.0,gray
79,32,295,2,33.0,294.0,red
80,32,297,2,33.0,294.0,red
81,33,295,2,33.0,294.0,green
82,33,296,2,33.0,294.0,green
83,34,283,2,34.0,290.0,gray
84,34,286,2,34.0,290.0,green
85,34,287,2,34.0,290.0,gray
86,34,288,2,34.0,290.0,green
87,34,289,2,34.0,290.0,red
88,34,291,2,34.0,290.0,gray
89,34,292,2,34.0,293.0,green
90,34,294,2,34.0,293.0,gray
91,31,303,2,34.0,305.0,red
92,31,304,2,34.0,305.0,gray
93,31,308,2,34.0,305.0,gray
94,32,303,2,34.0,305.0,gray
95,32,304,2,34.0,305.0,gray
96,32,305,2,34.0,305.0,gray
97,32,308,2,34.0,305.0,green
98,33,303,2,34.0,305.0,gray
99,33,304,2,34.0,305.0,red
100,33,305,2,34.0,305.0,green
101,33,306,2,34.0,305.0,green
102,34,304,2,34.0,305.0,gray
103,35,288,2,35.0,290.0,gray
104,35,289,2,35.0,290.0,gray
105,35,291,2,35.0,292.0,green
106,35,293,2,35.0,292.0,green
107,36,292,2,35.0,292.0,gray
108,34,295,2,35.0,295.0,gray
109,35,294,2,35.0,295.0,gray
110,33,297,2,35.0,296.0,green
111,35,297,2,35.0,296.0,red
112,32,298,2,35.0,298.0,red
113,33,299,2,35.0,298.0,gray
114,34,298,2,35.0,298.0,gray
115,35,299,2,35.0,298.0,green
116,33,301,2,35.0,302.0,green
117,33,302,2,35.0,302.0,gray
118,34,300,2,35.0,302.0,gray
119,34,301,2,35.0,302.0,gray
120,34,302,2,35.0,302.0,green
121,34,303,2,35.0,302.0,green
122,35,301,2,35.0,302.0,red
123,35,303,2,35.0,302.0,gray
124,36,302,2,35.0,302.0,green
125,36,303,2,35.0,302.0,green
126,35,304,2,35.0,305.0,gray
127,36,304,2,35.0,305.0,gray
128,32,312,2,35.0,306.0,red
129,32,317,2,35.0,306.0,green
130,33,309,2,35.0,306.0,green
131,33,310,2,35.0,306.0,red
132,33,311,2,35.0,306.0,green
133,33,312,2,35.0,306.0,red
134,33,313,2,35.0,306.0,red
135,33,314,2,35.0,306.0,gray
136,33,315,2,35.0,306.0,gray
137,33,316,2,35.0,306.0,gray
138,34,307,2,35.0,306.0,red
139,34,308,2,35.0,306.0,green
140,34,309,2,35.0,306.0,gray
141,34,310,2,35.0,306.0,gray
142,34,312,2,35.0,306.0,green
143,34,313,2,35.0,306.0,gray
144,34,314,2,35.0,306.0,gray
145,34,316,2,35.0,306.0,gray
146,34,317,2,35.0,306.0,gray
147,35,308,2,35.0,306.0,gray
148,35,309,2,35.0,306.0,gray
149,35,310,2,35.0,306.0,gray
150,35,313,2,35.0,306.0,gray
151,36,285,2,36.0,290.0,red
152,36,286,2,36.0,290.0,red
153,36,287,2,36.0,290.0,green
154,36,288,2,36.0,290.0,green
155,36,291,2,36.0,290.0,gray
156,37,288,2,36.0,290.0,gray
157,37,289,2,36.0,290.0,gray
158,36,293,2,36.0,294.0,gray
159,36,296,2,36.0,295.0,gray
160,36,297,2,36.0,298.0,gray
161,36,299,2,36.0,298.0,red
162,37,298,2,36.0,298.0,gray
163,35,318,2,36.0,306.0,gray
164,35,320,2,36.0,306.0,gray
165,35,321,2,36.0,306.0,gray
166,35,322,2,36.0,306.0,gray
167,36,305,2,36.0,306.0,green
168,36,307,2,36.0,306.0,gray
169,36,308,2,36.0,306.0,gray
170,36,309,2,36.0,306.0,gray
171,36,310,2,36.0,306.0,gray
172,36,311,2,36.0,306.0,gray
173,36,312,2,36.0,306.0,gray
174,36,313,2,36.0,306.0,green
175,36,314,2,36.0,306.0,red
176,36,315,2,36.0,306.0,gray
177,36,316,2,36.0,306.0,gray
178,36,317,2,36.0,306.0,green
179,36,322,2,36.0,306.0,gray
180,37,305,2,36.0,306.0,gray
181,37,308,2,36.0,306.0,gray
182,37,309,2,36.0,306.0,gray
183,37,310,2,36.0,306.0,gray
184,37,311,2,36.0,306.0,green
185,37,312,2,36.0,306.0,gray
186,37,313,2,36.0,306.0,gray
187,37,314,2,36.0,306.0,gray
188,37,315,2,36.0,306.0,gray
189,37,316,2,36.0,306.0,gray
190,37,321,2,36.0,306.0,gray
191,38,304,2,36.0,306.0,gray
192,38,305,2,36.0,306.0,gray
193,38,306,2,36.0,306.0,gray
194,38,307,2,36.0,306.0,gray
195,38,308,2,36.0,306.0,red
196,38,309,2,36.0,306.0,gray
197,38,310,2,36.0,306.0,green
198,38,311,2,36.0,306.0,gray
199,38,312,2,36.0,306.0,gray
200,38,313,2,36.0,306.0,gray
201,38,314,2,36.0,306.0,gray
202,38,315,2,36.0,306.0,gray
203,38,316,2,36.0,306.0,gray
204,38,318,2,36.0,306.0,gray
205,38,320,2,36.0,306.0,gray
206,39,306,2,36.0,306.0,gray
207,39,307,2,36.0,306.0,gray
208,39,308,2,36.0,306.0,green
209,39,309,2,36.0,306.0,gray
210,39,310,2,36.0,306.0,gray
211,39,311,2,36.0,306.0,green
212,39,312,2,36.0,306.0,gray
213,39,313,2,36.0,306.0,gray
214,39,314,2,36.0,306.0,green
215,39,315,2,36.0,306.0,gray
216,39,316,2,36.0,306.0,green
217,39,317,2,36.0,306.0,gray
218,39,318,2,36.0,306.0,green
219,39,320,2,36.0,306.0,gray
220,39,321,2,36.0,306.0,green
221,39,322,2,36.0,306.0,green
222,40,311,2,36.0,306.0,green
223,40,312,2,36.0,306.0,gray
224,40,313,2,36.0,306.0,gray
225,40,314,2,36.0,306.0,green
226,40,315,2,36.0,306.0,gray
227,40,316,2,36.0,306.0,gray
228,40,317,2,36.0,306.0,red
229,40,318,2,36.0,306.0,gray
230,40,319,2,36.0,306.0,gray
231,40,320,2,36.0,306.0,green
232,40,321,2,36.0,306.0,green
233,40,322,2,36.0,306.0,gray
234,37,293,2,37.0,292.0,green
235,37,297,2,37.0,296.0,gray
236,36,300,2,37.0,300.0,gray
237,37,299,2,37.0,300.0,gray
238,38,300,2,37.0,300.0,gray
239,36,301,2,37.0,301.0,red
240,37,302,2,37.0,301.0,gray
241,37,303,2,37.0,301.0,gray
242,38,301,2,37.0,301.0,gray
243,38,302,2,37.0,301.0,gray
244,38,303,2,37.0,301.0,gray
245,38,290,2,38.0,291.0,gray
246,38,293,2,38.0,292.0,green
247,38,296,2,38.0,295.0,gray
248,38,299,2,38.0,298.0,gray
249,37,285,2,39.0,289.0,red
250,37,286,2,39.0,289.0,gray
251,37,287,2,39.0,289.0,gray
252,38,286,2,39.0,289.0,gray
253,38,287,2,39.0,289.0,gray
254,38,288,2,39.0,289.0,gray
255,38,289,2,39.0,289.0,gray
256,39,287,2,39.0,289.0,red
257,39,288,2,39.0,289.0,gray
258,39,293,2,39.0,292.0,gray
259,39,294,2,39.0,295.0,green
260,39,298,2,39.0,297.0,gray
261,39,301,2,39.0,300.0,green
262,39,302,2,39.0,300.0,gray
263,41,294,2,40.0,294.0,gray
264,41,295,2,40.0,295.0,red
265,42,295,2,40.0,295.0,red
266,41,296,2,40.0,296.0,red
267,42,296,2,40.0,296.0,green
268,40,298,2,40.0,297.0,green
269,41,297,2,40.0,297.0,green
270,40,299,2,40.0,300.0,red
271,40,301,2,40.0,300.0,green
272,41,299,2,41.0,300.0,green
273,40,302,2,41.0,301.0,gray
274,41,302,2,41.0,301.0,gray
275,42,301,2,41.0,301.0,gray
276,39,303,2,41.0,303.0,red
277,39,304,2,41.0,303.0,red
278,39,305,2,41.0,303.0,gray
279,40,303,2,41.0,303.0,gray
280,40,304,2,41.0,303.0,green
281,40,305,2,41.0,303.0,red
282,40,306,2,41.0,303.0,green
283,41,304,2,41.0,303.0,gray
284,41,298,2,42.0,299.0,red
285,42,297,2,42.0,299.0,green
286,42,298,2,42.0,299.0,red
287,42,300,2,42.0,299.0,red
288,43,298,2,42.0,299.0,green
289,40,307,2,42.0,304.0,gray
290,40,308,2,42.0,304.0,gray
291,40,309,2,42.0,304.0,gray
292,40,310,2,42.0,304.0,gray
293,41,305,2,42.0,304.0,gray
294,41,306,2,42.0,304.0,gray
295,41,307,2,42.0,304.0,green
296,41,308,2,42.0,304.0,gray
297,41,309,2,42.0,304.0,gray
298,41,310,2,42.0,304.0,red
299,41,311,2,42.0,304.0,gray
300,41,312,2,42.0,304.0,gray
301,41,313,2,42.0,304.0,green
302,41,314,2,42.0,304.0,gray
303,41,315,2,42.0,304.0,gray
304,41,316,2,42.0,304.0,gray
305,41,317,2,42.0,304.0,green
306,41,318,2,42.0,304.0,red
307,41,319,2,42.0,304.0,gray
308,41,320,2,42.0,304.0,red
309,42,303,2,42.0,304.0,green
310,42,305,2,42.0,304.0,red
311,42,307,2,42.0,304.0,red
312,42,308,2,42.0,304.0,red
313,42,312,2,42.0,304.0,gray
314,42,313,2,42.0,304.0,gray
315,42,314,2,42.0,304.0,gray
316,42,315,2,42.0,304.0,gray
317,42,316,2,42.0,304.0,gray
318,42,317,2,42.0,304.0,gray
319,42,318,2,42.0,304.0,gray
320,42,319,2,42.0,304.0,gray
321,43,302,2,42.0,304.0,gray
322,43,307,2,42.0,304.0,gray
323,43,308,2,42.0,304.0,green
324,43,312,2,42.0,304.0,gray
325,43,313,2,42.0,304.0,red
326,43,314,2,42.0,304.0,gray
327,43,315,2,42.0,304.0,green
328,43,316,2,42.0,304.0,gray
329,43,317,2,42.0,304.0,green
330,43,318,2,42.0,304.0,gray
331,43,321,2,42.0,304.0,gray
332,44,312,2,42.0,304.0,red
333,44,313,2,42.0,304.0,gray
334,44,314,2,42.0,304.0,red
335,44,316,2,42.0,304.0,gray
336,44,317,2,42.0,304.0,gray
337,44,322,2,42.0,304.0,green
338,45,313,2,42.0,304.0,green
339,45,314,2,42.0,304.0,red
340,45,316,2,42.0,304.0,gray
341,45,317,2,42.0,304.0,gray
342,46,321,2,42.0,304.0,green
343,48,320,2,42.0,304.0,red
344,26,286,3,29.0,285.0,green
345,27,282,3,29.0,285.0,red
346,27,288,3,29.0,285.0,red
347,28,284,3,29.0,285.0,red
348,28,285,3,29.0,285.0,red
349,29,281,3,29.0,285.0,gray
350,29,286,3,29.0,285.0,red
351,30,283,3,29.0,285.0,gray
352,30,284,3,29.0,285.0,gray
353,30,285,3,29.0,285.0,gray
354,27,295,3,30.0,296.0,red
355,28,294,3,30.0,296.0,green
356,29,296,3,30.0,296.0,red
357,30,295,3,30.0,296.0,green
358,30,297,3,30.0,296.0,green
359,29,288,3,31.0,287.0,gray
360,30,286,3,31.0,287.0,red
361,30,287,3,31.0,287.0,red
362,30,288,3,31.0,287.0,green
363,31,286,3,31.0,287.0,green
364,31,288,3,31.0,287.0,red
365,29,289,3,31.0,289.0,gray
366,30,289,3,31.0,289.0,green
367,29,290,3,31.0,290.0,green
368,29,291,3,31.0,292.0,red
369,31,291,3,31.0,292.0,red
370,29,293,3,31.0,293.0,red
371,30,293,3,31.0,293.0,green
372,30,294,3,31.0,294.0,gray
373,31,298,3,31.0,297.0,red
374,30,303,3,31.0,303.0,red
375,30,304,3,31.0,304.0,red
376,30,305,3,31.0,304.0,green
377,31,305,3,31.0,304.0,green
378,31,284,3,32.0,286.0,green
379,31,285,3,32.0,286.0,green
380,32,285,3,32.0,286.0,green
381,32,288,3,32.0,287.0,red
382,32,296,3,32.0,295.0,red
383,31,300,3,32.0,298.0,red
384,32,299,3,32.0,298.0,red
385,32,302,3,32.0,303.0,red
386,32,306,3,32.0,305.0,gray
387,32,307,3,32.0,308.0,green
388,32,309,3,32.0,308.0,red
389,32,311,3,32.0,312.0,red
390,32,313,3,32.0,312.0,green
391,31,318,3,32.0,317.0,green
392,31,319,3,32.0,317.0,red
393,31,320,3,32.0,317.0,gray
394,32,319,3,32.0,317.0,green
395,31,283,3,33.0,283.0,green
396,32,284,3,33.0,283.0,gray
397,33,298,3,33.0,297.0,red
398,32,300,3,33.0,301.0,red
399,32,301,3,33.0,301.0,red
400,33,300,3,33.0,301.0,green
401,33,307,3,33.0,306.0,green
402,33,308,3,33.0,309.0,red
403,32,310,3,33.0,310.0,red
404,32,315,3,33.0,315.0,green
405,33,317,3,33.0,316.0,gray
406,35,286,3,34.0,286.0,gray
407,34,296,3,34.0,295.0,gray
408,34,297,3,34.0,298.0,green
409,34,299,3,34.0,298.0,gray
410,34,306,3,34.0,307.0,gray
411,34,311,3,34.0,312.0,green
412,34,315,3,34.0,314.0,gray
413,35,316,3,34.0,316.0,gray
414,33,318,3,34.0,317.0,gray
415,33,319,3,34.0,317.0,gray
416,34,318,3,34.0,317.0,gray
417,35,287,3,35.0,288.0,green
418,35,300,3,35.0,301.0,green
419,35,307,3,35.0,308.0,green
420,35,311,3,35.0,310.0,gray
421,35,312,3,35.0,313.0,green
422,35,314,3,35.0,313.0,green
423,34,319,3,35.0,318.0,gray
424,35,317,3,35.0,318.0,green
425,35,319,3,35.0,318.0,green
426,36,319,3,35.0,318.0,gray
427,33,320,3,35.0,320.0,green
428,34,320,3,35.0,320.0,green
429,36,320,3,35.0,320.0,green
430,32,321,3,35.0,321.0,red
431,33,321,3,35.0,321.0,red
432,34,321,3,35.0,321.0,gray
433,32,323,3,35.0,322.0,green
434,32,325,3,35.0,322.0,green
435,33,322,3,35.0,322.0,green
436,34,323,3,35.0,322.0,gray
437,35,323,3,35.0,322.0,gray
438,35,324,3,35.0,322.0,green
439,35,325,3,35.0,322.0,gray
440,36,289,3,36.0,288.0,gray
441,35,315,3,36.0,315.0,gray
442,36,318,3,36.0,317.0,gray
443,36,321,3,36.0,322.0,green
444,36,323,3,36.0,322.0,gray
445,36,324,3,36.0,322.0,green
446,36,325,3,36.0,322.0,gray
447,36,326,3,36.0,322.0,gray
448,37,323,3,36.0,322.0,gray
449,37,324,3,36.0,322.0,green
450,37,325,3,36.0,322.0,green
451,37,328,3,36.0,322.0,gray
452,37,284,3,37.0,285.0,gray
453,37,304,3,37.0,303.0,gray
454,37,306,3,37.0,305.0,gray
455,37,307,3,37.0,308.0,green
456,37,317,3,37.0,316.0,gray
457,37,320,3,37.0,321.0,gray
458,37,322,3,37.0,321.0,gray
459,38,317,3,38.0,316.0,gray
460,37,318,3,38.0,318.0,gray
461,38,319,3,38.0,318.0,green
462,38,321,3,38.0,320.0,gray
463,40,289,3,39.0,288.0,green
464,40,293,3,39.0,293.0,gray
465,39,319,3,39.0,318.0,gray
466,38,322,3,39.0,322.0,gray
467,38,323,3,39.0,322.0,gray
468,38,324,3,39.0,322.0,gray
469,38,326,3,39.0,322.0,gray
470,38,328,3,39.0,322.0,green
471,38,329,3,39.0,322.0,gray
472,38,330,3,39.0,322.0,gray
473,39,323,3,39.0,322.0,gray
474,39,324,3,39.0,322.0,gray
475,39,325,3,39.0,322.0,gray
476,39,326,3,39.0,322.0,gray
477,40,323,3,40.0,322.0,gray
478,40,324,3,40.0,322.0,green
479,40,325,3,40.0,322.0,gray
480,40,328,3,40.0,322.0,green
481,41,322,3,40.0,322.0,gray
482,41,323,3,40.0,322.0,gray
483,41,324,3,40.0,322.0,gray
484,41,325,3,40.0,322.0,gray
485,41,326,3,40.0,322.0,gray
486,41,293,3,41.0,294.0,green
487,42,310,3,41.0,310.0,red
488,41,321,3,41.0,320.0,gray
489,43,300,3,42.0,300.0,green
490,42,302,3,42.0,301.0,gray
491,43,304,3,42.0,303.0,gray
492,42,306,3,42.0,305.0,gray
493,43,305,3,42.0,305.0,gray
494,42,309,3,42.0,308.0,red
495,42,311,3,42.0,312.0,gray
496,42,320,3,42.0,319.0,gray
497,44,296,3,43.0,298.0,gray
498,43,301,3,43.0,302.0,gray
499,43,303,3,43.0,302.0,red
500,44,305,3,43.0,307.0,green
501,44,306,3,43.0,307.0,gray
502,44,307,3,43.0,307.0,red
503,43,309,3,43.0,308.0,green
504,43,310,3,43.0,312.0,red
505,43,319,3,43.0,318.0,gray
506,44,319,3,43.0,318.0,gray
507,42,321,3,43.0,321.0,gray
508,42,322,3,43.0,321.0,gray
509,42,323,3,43.0,321.0,green
510,42,324,3,43.0,321.0,green
511,43,320,3,43.0,321.0,gray
512,43,322,3,43.0,321.0,green
513,44,320,3,43.0,321.0,gray
514,44,311,3,44.0,312.0,gray
515,44,315,3,44.0,314.0,gray
516,44,318,3,44.0,317.0,gray
517,42,326,3,44.0,322.0,gray
518,42,327,3,44.0,322.0,gray
519,43,323,3,44.0,322.0,gray
520,43,324,3,44.0,322.0,gray
521,43,325,3,44.0,322.0,red
522,43,326,3,44.0,322.0,gray
523,43,327,3,44.0,322.0,gray
524,44,321,3,44.0,322.0,green
525,44,323,3,44.0,322.0,gray
526,44,324,3,44.0,322.0,gray
527,44,325,3,44.0,322.0,gray
528,44,326,3,44.0,322.0,gray
529,44,327,3,44.0,322.0,gray
530,45,322,3,44.0,322.0,gray
531,45,324,3,44.0,322.0,red
532,45,315,3,45.0,314.0,gray
533,45,318,3,45.0,317.0,green
534,45,319,3,45.0,317.0,red
535,46,317,3,45.0,317.0,gray
536,46,318,3,45.0,317.0,gray
537,45,320,3,46.0,321.0,gray
538,45,321,3,46.0,321.0,red
539,46,319,3,46.0,321.0,red
540,46,320,3,46.0,321.0,gray
541,46,322,3,46.0,321.0,gray
542,46,323,3,46.0,321.0,gray
543,46,324,3,46.0,321.0,green
544,47,322,3,46.0,321.0,gray
545,47,319,3,48.0,320.0,gray
546,48,318,3,48.0,320.0,gray
547,48,321,3,48.0,320.0,green
548,49,318,3,48.0,320.0,red
549,49,319,3,48.0,320.0,green
550,49,323,3,48.0,320.0,red
551,50,320,3,48.0,320.0,gray
552,50,322,3,48.0,320.0,gray
553,50,323,3,48.0,320.0,green
554,27,286,4,26.0,286.0,red
555,27,294,4,27.0,295.0,red
556,27,284,4,28.0,284.0,red
557,28,283,4,28.0,284.0,red
558,29,284,4,28.0,284.0,green
559,27,285,4,28.0,285.0,red
560,28,281,4,29.0,281.0,green
561,28,287,4,29.0,286.0,red
562,29,287,4,29.0,286.0,red
563,28,289,4,29.0,289.0,red
564,28,290,4,29.0,290.0,green
565,30,291,4,29.0,291.0,red
566,29,294,4,29.0,293.0,red
567,29,295,4,29.0,296.0,gray
568,30,282,4,30.0,283.0,red
569,30,290,4,30.0,289.0,green
570,30,292,4,30.0,293.0,red
571,30,298,4,30.0,297.0,red
572,29,301,4,30.0,303.0,red
573,30,302,4,30.0,303.0,red
574,30,299,4,31.0,298.0,green
575,31,299,4,31.0,298.0,green
576,29,300,4,31.0,300.0,green
577,30,300,4,31.0,300.0,red
578,30,301,4,31.0,300.0,red
579,31,301,4,31.0,300.0,red
580,31,306,4,31.0,305.0,green
581,30,318,4,31.0,318.0,red
582,31,317,4,31.0,318.0,green
583,30,319,4,31.0,319.0,red
584,33,285,4,32.0,285.0,gray
585,31,302,4,32.0,302.0,green
586,31,307,4,32.0,307.0,green
587,30,309,4,32.0,309.0,red
588,31,310,4,32.0,310.0,red
589,30,314,4,32.0,313.0,gray
590,31,314,4,32.0,313.0,gray
591,32,314,4,32.0,313.0,green
592,30,315,4,32.0,315.0,red
593,31,315,4,32.0,315.0,green
594,32,316,4,32.0,315.0,red
595,32,318,4,32.0,319.0,green
596,32,320,4,32.0,319.0,green
597,32,322,4,32.0,321.0,gray
598,31,323,4,32.0,323.0,green
599,32,324,4,32.0,323.0,gray
600,31,325,4,32.0,325.0,green
601,31,326,4,32.0,325.0,green
602,32,326,4,32.0,325.0,green
603,33,325,4,32.0,325.0,gray
604,33,326,4,32.0,325.0,gray
605,33,327,4,32.0,325.0,green
606,33,328,4,32.0,325.0,red
607,33,323,4,33.0,322.0,green
608,34,322,4,34.0,321.0,green
609,33,324,4,34.0,323.0,green
610,34,324,4,34.0,323.0,green
611,34,285,4,35.0,286.0,green
612,34,325,4,35.0,325.0,green
613,35,326,4,35.0,325.0,green
614,34,328,4,36.0,326.0,gray
615,36,327,4,36.0,326.0,gray
616,38,285,4,37.0,284.0,gray
617,37,319,4,37.0,318.0,gray
618,37,326,4,37.0,325.0,gray
619,37,327,4,37.0,328.0,green
620,38,325,4,38.0,326.0,gray
621,38,327,4,38.0,326.0,gray
622,39,328,4,38.0,328.0,gray
623,39,329,4,38.0,329.0,gray
624,39,330,4,38.0,330.0,green
625,39,331,4,38.0,330.0,gray
626,40,331,4,38.0,330.0,gray
627,39,327,4,39.0,326.0,gray
628,40,326,4,40.0,325.0,gray
629,40,327,4,40.0,328.0,gray
630,40,329,4,40.0,328.0,gray
631,40,330,4,40.0,328.0,gray
632,41,328,4,40.0,328.0,gray
633,41,330,4,40.0,328.0,gray
634,41,327,4,41.0,326.0,gray
635,42,325,4,42.0,326.0,gray
636,42,328,4,42.0,327.0,gray
637,42,329,4,42.0,327.0,green
638,42,330,4,42.0,327.0,green
639,43,299,4,43.0,300.0,gray
640,43,328,4,43.0,327.0,red
641,43,329,4,43.0,327.0,red
642,43,330,4,43.0,327.0,green
643,43,297,4,44.0,296.0,green
644,44,298,4,44.0,296.0,gray
645,44,304,4,44.0,305.0,gray
646,45,326,4,44.0,326.0,green
647,45,327,4,44.0,327.0,red
648,45,328,4,44.0,327.0,gray
649,45,329,4,44.0,327.0,gray
650,45,330,4,44.0,327.0,red
651,45,331,4,44.0,327.0,gray
652,46,327,4,44.0,327.0,gray
653,46,329,4,44.0,327.0,gray
654,46,330,4,44.0,327.0,red
655,46,331,4,44.0,327.0,red
656,47,330,4,44.0,327.0,gray
657,45,323,4,45.0,322.0,green
658,45,325,4,45.0,324.0,gray
659,46,316,4,46.0,317.0,gray
660,47,317,4,46.0,317.0,green
661,46,325,4,46.0,324.0,green
662,46,326,4,46.0,324.0,gray
663,47,324,4,46.0,324.0,gray
664,47,325,4,46.0,324.0,gray
665,47,326,4,46.0,324.0,gray
666,48,329,4,46.0,324.0,green
667,47,320,4,47.0,319.0,gray
668,47,321,4,47.0,322.0,gray
669,47,323,4,47.0,322.0,gray
670,49,321,4,48.0,321.0,gray
671,49,317,4,49.0,318.0,green
672,50,317,4,49.0,318.0,green
673,50,318,4,49.0,318.0,gray
674,48,323,4,49.0,323.0,red
675,48,324,4,49.0,323.0,gray
676,48,325,4,49.0,323.0,green
677,49,322,4,49.0,323.0,red
678,49,324,4,49.0,323.0,green
679,49,325,4,49.0,323.0,gray
680,49,326,4,49.0,323.0,gray
681,50,319,4,50.0,320.0,gray
682,26,284,5,27.0,284.0,red
683,27,283,5,27.0,284.0,red
684,26,285,5,27.0,285.0,red
685,26,287,5,27.0,286.0,red
686,26,288,5,27.0,286.0,red
687,27,287,5,27.0,286.0,red
688,26,295,5,27.0,294.0,red
689,28,286,5,28.0,287.0,red
690,28,288,5,28.0,287.0,red
691,26,289,5,28.0,289.0,red
692,27,289,5,28.0,289.0,red
693,28,291,5,28.0,290.0,red
694,28,292,5,28.0,290.0,red
695,29,283,5,29.0,284.0,red
696,28,293,5,29.0,294.0,red
697,27,297,5,29.0,295.0,red
698,28,297,5,29.0,295.0,red
699,28,299,5,29.0,300.0,red
700,29,299,5,29.0,300.0,gray
701,29,302,5,29.0,301.0,red
702,29,282,5,30.0,282.0,red
703,29,292,5,30.0,292.0,red
704,28,298,5,30.0,298.0,red
705,29,297,5,30.0,298.0,red
706,29,303,5,30.0,302.0,red
707,29,304,5,30.0,302.0,red
708,29,309,5,30.0,309.0,red
709,29,310,5,30.0,309.0,red
710,30,308,5,30.0,309.0,red
711,30,310,5,30.0,309.0,red
712,30,313,5,30.0,314.0,gray
713,29,316,5,30.0,315.0,red
714,30,316,5,30.0,315.0,green
715,29,317,5,30.0,318.0,red
716,29,318,5,30.0,318.0,red
717,30,317,5,30.0,318.0,red
718,29,319,5,30.0,319.0,red
719,30,321,5,30.0,319.0,green
720,28,305,5,31.0,306.0,red
721,29,305,5,31.0,306.0,red
722,30,306,5,31.0,306.0,gray
723,30,307,5,31.0,307.0,green
724,30,311,5,31.0,310.0,red
725,31,309,5,31.0,310.0,green
726,31,311,5,31.0,310.0,red
727,31,312,5,31.0,310.0,red
728,31,313,5,31.0,314.0,red
729,31,316,5,31.0,317.0,red
730,30,322,5,31.0,323.0,green
731,31,322,5,31.0,323.0,green
732,31,324,5,31.0,323.0,green
733,31,321,5,32.0,322.0,gray
734,33,284,5,33.0,285.0,gray
735,31,329,5,33.0,328.0,red
736,31,330,5,33.0,328.0,red
737,32,329,5,33.0,328.0,green
738,32,330,5,33.0,328.0,green
739,33,329,5,33.0,328.0,green
740,33,330,5,33.0,328.0,green
741,33,331,5,33.0,328.0,gray
742,34,326,5,34.0,325.0,green
743,34,327,5,34.0,328.0,green
744,34,329,5,34.0,328.0,gray
745,34,330,5,34.0,328.0,green
746,35,328,5,34.0,328.0,gray
747,35,329,5,34.0,328.0,gray
748,35,330,5,34.0,328.0,green
749,35,327,5,35.0,326.0,gray
750,36,330,5,36.0,327.0,green
751,37,329,5,37.0,327.0,green
752,37,330,5,39.0,330.0,green
753,37,331,5,39.0,331.0,gray
754,37,332,5,39.0,331.0,green
755,40,332,5,40.0,331.0,gray
756,40,334,5,40.0,331.0,gray
757,40,335,5,40.0,331.0,gray
758,40,337,5,40.0,331.0,gray
759,41,329,5,41.0,328.0,gray
760,41,331,5,41.0,330.0,green
761,42,331,5,42.0,330.0,gray
762,43,293,5,43.0,297.0,gray
763,44,328,5,43.0,328.0,gray
764,44,329,5,43.0,329.0,gray
765,43,331,5,43.0,330.0,green
766,43,334,5,43.0,330.0,green
767,44,330,5,43.0,330.0,gray
768,43,306,5,44.0,304.0,gray
769,43,337,5,45.0,331.0,gray
770,43,339,5,45.0,331.0,green
771,44,331,5,45.0,331.0,gray
772,44,332,5,45.0,331.0,gray
773,44,334,5,45.0,331.0,gray
774,44,336,5,45.0,331.0,gray
775,45,332,5,45.0,331.0,red
776,45,333,5,45.0,331.0,gray
777,45,334,5,45.0,331.0,green
778,45,337,5,45.0,331.0,gray
779,46,328,5,46.0,327.0,gray
780,46,332,5,46.0,331.0,gray
781,46,333,5,46.0,331.0,gray
782,46,334,5,46.0,331.0,gray
783,46,335,5,46.0,331.0,gray
784,46,336,5,46.0,331.0,green
785,47,332,5,46.0,331.0,green
786,47,318,5,47.0,317.0,gray
787,47,329,5,47.0,330.0,gray
788,47,331,5,47.0,330.0,gray
789,48,331,5,47.0,330.0,gray
790,48,332,5,47.0,330.0,gray
791,48,326,5,48.0,325.0,gray
792,47,328,5,48.0,329.0,red
793,48,330,5,48.0,329.0,gray
794,49,331,5,48.0,329.0,gray
795,50,330,5,48.0,329.0,gray
796,51,330,5,48.0,329.0,green
797,49,327,5,49.0,326.0,green
798,50,314,5,50.0,317.0,gray
799,25,284,6,26.0,284.0,red
800,26,283,6,26.0,284.0,red
801,25,293,6,26.0,295.0,red
802,26,293,6,26.0,295.0,red
803,27,281,6,27.0,283.0,green
804,27,290,6,27.0,289.0,green
805,27,291,6,28.0,291.0,green
806,26,292,6,28.0,292.0,red
807,28,295,6,28.0,293.0,gray
808,28,296,6,28.0,297.0,green
809,27,299,6,28.0,299.0,red
810,27,304,6,28.0,305.0,green
811,27,305,6,28.0,305.0,green
812,28,304,6,28.0,305.0,green
813,28,307,6,28.0,305.0,green
814,30,281,6,29.0,282.0,gray
815,29,298,6,29.0,297.0,green
816,29,306,6,29.0,305.0,green
817,29,308,6,29.0,309.0,red
818,28,314,6,29.0,316.0,red
819,28,315,6,29.0,316.0,red
820,29,315,6,29.0,316.0,green
821,28,318,6,29.0,318.0,red
822,29,307,6,30.0,307.0,green
823,29,312,6,30.0,311.0,green
824,30,312,6,30.0,311.0,red
825,29,313,6,30.0,313.0,gray
826,29,314,6,30.0,313.0,green
827,30,320,6,30.0,321.0,green
828,29,322,6,30.0,322.0,gray
829,29,323,6,30.0,322.0,gray
830,30,323,6,30.0,322.0,red
831,30,325,6,31.0,324.0,gray
832,29,328,6,31.0,329.0,green
833,30,328,6,31.0,329.0,green
834,31,328,6,31.0,329.0,gray
835,32,327,6,32.0,329.0,green
836,32,328,6,32.0,329.0,green
837,32,331,6,32.0,330.0,gray
838,32,332,6,33.0,331.0,green
839,32,336,6,33.0,331.0,gray
840,33,332,6,33.0,331.0,gray
841,34,332,6,33.0,331.0,gray
842,34,333,6,33.0,331.0,gray
843,34,334,6,33.0,331.0,gray
844,34,335,6,33.0,331.0,green
845,34,331,6,34.0,330.0,green
846,36,328,6,35.0,328.0,gray
847,35,331,6,35.0,330.0,gray
848,35,332,6,35.0,330.0,gray
849,36,329,6,36.0,330.0,green
850,38,331,6,37.0,331.0,gray
851,35,334,6,37.0,332.0,gray
852,35,335,6,37.0,332.0,gray
853,36,334,6,37.0,332.0,gray
854,37,333,6,37.0,332.0,gray
855,38,332,6,37.0,332.0,gray
856,38,333,6,37.0,332.0,gray
857,38,334,6,37.0,332.0,gray
858,39,332,6,40.0,332.0,green
859,39,333,6,40.0,334.0,gray
860,39,334,6,40.0,334.0,gray
861,40,333,6,40.0,334.0,gray
862,41,334,6,40.0,334.0,gray
863,38,335,6,40.0,335.0,gray
864,38,336,6,40.0,335.0,gray
865,40,336,6,40.0,335.0,gray
866,41,336,6,40.0,335.0,gray
867,36,337,6,40.0,337.0,gray
868,38,337,6,40.0,337.0,gray
869,38,338,6,40.0,337.0,gray
870,42,332,6,42.0,331.0,green
871,43,332,6,43.0,331.0,green
872,42,333,6,43.0,334.0,green
873,42,334,6,43.0,334.0,gray
874,42,335,6,43.0,334.0,gray
875,43,333,6,43.0,334.0,red
876,43,335,6,43.0,334.0,green
877,43,336,6,43.0,337.0,gray
878,44,339,6,43.0,339.0,gray
879,44,343,6,43.0,339.0,gray
880,45,340,6,43.0,339.0,gray
881,45,341,6,43.0,339.0,gray
882,44,333,6,44.0,334.0,gray
883,44,335,6,44.0,336.0,gray
884,45,335,6,45.0,334.0,green
885,45,336,6,45.0,337.0,gray
886,45,338,6,45.0,337.0,gray
887,45,339,6,45.0,337.0,gray
888,46,338,6,45.0,337.0,gray
889,46,339,6,45.0,337.0,gray
890,46,340,6,45.0,337.0,gray
891,46,341,6,45.0,337.0,gray
892,46,342,6,45.0,337.0,green
893,47,340,6,45.0,337.0,gray
894,47,341,6,45.0,337.0,gray
895,47,334,6,46.0,334.0,gray
896,47,335,6,46.0,335.0,gray
897,46,337,6,46.0,336.0,gray
898,47,336,6,46.0,336.0,gray
899,47,337,6,46.0,336.0,gray
900,47,338,6,46.0,336.0,green
901,48,336,6,46.0,336.0,gray
902,48,337,6,46.0,336.0,gray
903,48,340,6,46.0,336.0,gray
904,48,341,6,46.0,336.0,gray
905,49,338,6,46.0,336.0,gray
906,49,340,6,46.0,336.0,gray
907,50,338,6,46.0,336.0,gray
908,47,327,6,47.0,328.0,gray
909,47,333,6,47.0,332.0,gray
910,48,327,6,48.0,326.0,gray
911,48,334,6,48.0,332.0,gray
912,49,333,6,48.0,332.0,gray
913,51,337,6,49.0,331.0,gray
914,24,286,7,25.0,284.0,gray
915,25,283,7,25.0,284.0,green
916,25,287,7,25.0,284.0,red
917,25,294,7,25.0,293.0,red
918,26,291,7,26.0,292.0,green
919,25,288,7,27.0,290.0,gray
920,25,290,7,27.0,290.0,red
921,26,290,7,27.0,290.0,gray
922,26,298,7,27.0,299.0,red
923,27,298,7,27.0,299.0,green
924,27,300,7,27.0,299.0,gray
925,27,301,7,27.0,299.0,green
926,28,300,7,27.0,299.0,green
927,28,301,7,27.0,299.0,green
928,26,304,7,27.0,304.0,green
929,27,303,7,27.0,304.0,green
930,26,306,7,27.0,305.0,gray
931,27,296,7,28.0,296.0,gray
932,28,302,7,28.0,304.0,red
933,28,303,7,28.0,304.0,red
934,26,307,7,28.0,307.0,gray
935,26,308,7,28.0,307.0,green
936,27,308,7,28.0,307.0,gray
937,28,306,7,28.0,307.0,red
938,28,308,7,28.0,307.0,gray
939,28,316,7,28.0,315.0,green
940,27,317,7,28.0,318.0,gray
941,27,318,7,28.0,318.0,green
942,28,317,7,28.0,318.0,green
943,28,309,7,29.0,308.0,red
944,28,310,7,29.0,312.0,red
945,28,311,7,29.0,312.0,red
946,28,312,7,29.0,312.0,green
947,28,322,7,29.0,322.0,green
948,29,321,7,29.0,322.0,red
949,28,323,7,29.0,323.0,green
950,28,324,7,29.0,323.0,gray
951,29,329,7,29.0,328.0,gray
952,29,320,7,30.0,320.0,green
953,30,326,7,30.0,325.0,green
954,30,329,7,30.0,328.0,gray
955,30,330,7,30.0,328.0,gray
956,31,327,7,31.0,328.0,green
957,31,331,7,32.0,331.0,gray
958,31,332,7,32.0,332.0,gray
959,31,334,7,32.0,332.0,gray
960,32,333,7,32.0,332.0,gray
961,32,334,7,32.0,332.0,gray
962,31,335,7,32.0,336.0,red
963,32,335,7,32.0,336.0,gray
964,33,333,7,33.0,332.0,gray
965,33,334,7,34.0,334.0,green
966,33,335,7,34.0,335.0,green
967,34,336,7,34.0,335.0,green
968,36,331,7,35.0,331.0,gray
969,36,332,7,35.0,332.0,green
970,35,333,7,35.0,334.0,gray
971,35,336,7,35.0,335.0,gray
972,36,333,7,36.0,334.0,gray
973,37,334,7,37.0,333.0,gray
974,37,335,7,38.0,335.0,green
975,39,336,7,38.0,336.0,gray
976,41,333,7,41.0,334.0,gray
977,41,335,7,41.0,336.0,green
978,41,339,7,41.0,336.0,gray
979,41,340,7,41.0,336.0,gray
980,41,332,7,42.0,332.0,red
981,42,336,7,42.0,335.0,green
982,41,341,7,44.0,339.0,gray
983,42,341,7,44.0,339.0,green
984,43,340,7,44.0,339.0,gray
985,43,341,7,44.0,339.0,green
986,44,338,7,44.0,339.0,gray
987,44,340,7,44.0,339.0,gray
988,42,342,7,44.0,343.0,gray
989,43,342,7,44.0,343.0,red
990,44,342,7,44.0,343.0,gray
991,46,347,7,44.0,343.0,gray
992,44,337,7,45.0,336.0,gray
993,45,342,7,45.0,341.0,gray
994,46,343,7,46.0,342.0,gray
995,46,344,7,46.0,342.0,gray
996,46,345,7,46.0,342.0,gray
997,46,346,7,46.0,342.0,gray
998,47,344,7,46.0,342.0,gray
999,47,345,7,46.0,342.0,gray
1000,47,346,7,46.0,342.0,gray
1001,47,339,7,47.0,338.0,green
1002,47,342,7,47.0,341.0,gray
1003,48,328,7,48.0,327.0,gray
1004,48,335,7,48.0,336.0,gray
1005,49,335,7,48.0,336.0,gray
1006,49,336,7,48.0,336.0,red
1007,48,338,7,48.0,337.0,gray
1008,48,339,7,48.0,340.0,gray
1009,48,342,7,48.0,341.0,red
1010,48,343,7,48.0,341.0,gray
1011,48,344,7,48.0,341.0,gray
1012,50,331,7,49.0,333.0,gray
1013,49,337,7,49.0,338.0,gray
1014,50,344,7,49.0,340.0,gray
1015,51,344,7,49.0,340.0,gray
1016,53,345,7,49.0,340.0,gray
1017,54,346,7,49.0,340.0,gray
1018,54,347,7,49.0,340.0,gray
1019,52,342,7,50.0,338.0,gray
1020,53,339,7,51.0,337.0,gray
1021,24,287,8,24.0,286.0,red
1022,25,282,8,25.0,283.0,gray
1023,25,286,8,25.0,287.0,green
1024,23,289,8,25.0,288.0,red
1025,24,288,8,25.0,288.0,gray
1026,27,292,8,26.0,291.0,red
1027,27,293,8,26.0,291.0,green
1028,25,298,8,26.0,298.0,green
1029,26,297,8,26.0,298.0,red
1030,26,305,8,26.0,304.0,green
1031,27,306,8,26.0,306.0,red
1032,25,300,8,27.0,300.0,green
1033,26,300,8,27.0,300.0,green
1034,26,301,8,27.0,301.0,red
1035,27,302,8,27.0,301.0,red
1036,27,307,8,27.0,308.0,gray
1037,27,319,8,27.0,318.0,green
1038,29,311,8,28.0,311.0,red
1039,26,313,8,28.0,312.0,red
1040,28,321,8,28.0,322.0,green
1041,27,324,8,28.0,324.0,green
1042,27,325,8,28.0,324.0,gray
1043,28,325,8,28.0,324.0,red
1044,29,324,8,28.0,324.0,gray
1045,28,319,8,29.0,320.0,red
1046,28,320,8,29.0,320.0,red
1047,28,327,8,29.0,329.0,gray
1048,28,328,8,29.0,329.0,gray
1049,29,330,8,29.0,329.0,gray
1050,29,327,8,30.0,326.0,red
1051,30,324,8,30.0,326.0,red
1052,30,327,8,30.0,326.0,green
1053,30,331,8,30.0,330.0,gray
1054,31,333,8,31.0,334.0,green
1055,31,336,8,31.0,335.0,green
1056,32,337,8,32.0,335.0,green
1057,33,336,8,33.0,335.0,gray
1058,36,336,8,35.0,336.0,gray
1059,36,335,8,37.0,335.0,gray
1060,37,336,8,37.0,335.0,gray
1061,37,337,8,37.0,335.0,gray
1062,39,335,8,39.0,336.0,gray
1063,40,338,8,41.0,339.0,gray
1064,40,339,8,41.0,339.0,gray
1065,41,338,8,41.0,339.0,gray
1066,42,338,8,41.0,339.0,gray
1067,42,339,8,41.0,339.0,green
1068,40,340,8,41.0,340.0,gray
1069,39,343,8,41.0,341.0,green
1070,39,344,8,41.0,341.0,gray
1071,40,341,8,41.0,341.0,gray
1072,40,342,8,41.0,341.0,gray
1073,40,343,8,41.0,341.0,gray
1074,40,344,8,41.0,341.0,gray
1075,41,342,8,41.0,341.0,gray
1076,41,337,8,42.0,336.0,gray
1077,42,337,8,42.0,336.0,gray
1078,42,340,8,42.0,341.0,green
1079,41,343,8,42.0,342.0,green
1080,42,343,8,42.0,342.0,gray
1081,43,343,8,43.0,342.0,gray
1082,43,338,8,44.0,338.0,gray
1083,44,341,8,44.0,340.0,gray
1084,45,343,8,45.0,342.0,gray
1085,46,348,8,46.0,347.0,gray
1086,46,349,8,46.0,347.0,red
1087,46,350,8,46.0,347.0,gray
1088,47,348,8,46.0,347.0,gray
1089,47,347,8,47.0,346.0,gray
1090,49,343,8,48.0,343.0,green
1091,49,345,8,50.0,344.0,gray
1092,49,346,8,50.0,344.0,gray
1093,50,341,8,50.0,344.0,gray
1094,50,342,8,50.0,344.0,gray
1095,50,343,8,50.0,344.0,gray
1096,50,346,8,50.0,344.0,green
1097,50,347,8,50.0,344.0,gray
1098,50,348,8,50.0,344.0,gray
1099,51,343,8,51.0,344.0,gray
1100,52,344,8,51.0,344.0,green
1101,51,341,8,52.0,342.0,gray
1102,51,342,8,52.0,342.0,gray
1103,52,341,8,52.0,342.0,gray
1104,53,341,8,52.0,342.0,green
1105,53,342,8,52.0,342.0,gray
1106,53,343,8,52.0,342.0,gray
1107,53,340,8,53.0,339.0,green
1108,54,340,8,53.0,339.0,gray
1109,54,341,8,53.0,339.0,green
1110,53,344,8,53.0,345.0,gray
1111,57,352,8,54.0,347.0,green
1112,25,289,9,24.0,288.0,gray
1113,26,281,9,25.0,282.0,green
1114,28,282,9,25.0,282.0,green
1115,25,285,9,25.0,286.0,red
1116,26,296,9,26.0,297.0,green
1117,26,299,9,26.0,300.0,red
1118,27,312,9,26.0,313.0,red
1119,28,313,9,26.0,313.0,green
1120,26,294,9,27.0,293.0,red
1121,26,324,9,27.0,324.0,gray
1122,27,323,9,27.0,324.0,green
1123,27,326,9,27.0,325.0,red
1124,28,326,9,28.0,325.0,red
1125,27,311,9,29.0,311.0,red
1126,29,326,9,29.0,327.0,red
1127,29,331,9,29.0,330.0,gray
1128,30,332,9,30.0,331.0,gray
1129,30,333,9,31.0,333.0,gray
1130,30,337,9,31.0,336.0,gray
1131,30,339,9,32.0,337.0,gray
1132,32,338,9,32.0,337.0,green
1133,34,340,9,32.0,337.0,green
1134,33,337,9,33.0,336.0,gray
1135,34,337,9,33.0,336.0,green
1136,34,338,9,33.0,336.0,green
1137,35,337,9,36.0,336.0,gray
1138,35,338,9,36.0,336.0,gray
1139,36,338,9,37.0,337.0,gray
1140,36,339,9,37.0,337.0,gray
1141,36,341,9,37.0,337.0,gray
1142,37,338,9,37.0,337.0,green
1143,37,339,9,37.0,337.0,gray
1144,37,340,9,37.0,337.0,gray
1145,38,339,9,37.0,337.0,gray
1146,36,342,9,39.0,343.0,gray
1147,37,342,9,39.0,343.0,gray
1148,37,343,9,39.0,343.0,gray
1149,38,341,9,39.0,343.0,gray
1150,38,342,9,39.0,343.0,gray
1151,37,344,9,39.0,344.0,green
1152,39,337,9,40.0,338.0,gray
1153,39,338,9,40.0,338.0,gray
1154,39,339,9,40.0,339.0,gray
1155,38,340,9,40.0,340.0,gray
1156,39,340,9,40.0,340.0,gray
1157,41,344,9,41.0,343.0,green
1158,42,344,9,42.0,343.0,gray
1159,42,345,9,42.0,343.0,gray
1160,43,344,9,43.0,343.0,gray
1161,43,345,9,43.0,343.0,gray
1162,44,344,9,45.0,343.0,gray
1163,44,346,9,45.0,343.0,gray
1164,45,344,9,45.0,343.0,green
1165,44,347,9,46.0,348.0,green
1166,45,346,9,46.0,348.0,green
1167,45,347,9,46.0,348.0,gray
1168,45,350,9,46.0,350.0,gray
1169,48,349,9,47.0,348.0,gray
1170,49,342,9,49.0,343.0,gray
1171,49,344,9,49.0,343.0,green
1172,48,345,9,49.0,345.0,gray
1173,48,333,9,50.0,341.0,gray
1174,49,339,9,50.0,341.0,gray
1175,50,349,9,50.0,348.0,gray
1176,50,350,9,50.0,348.0,gray
1177,50,351,9,50.0,348.0,red
1178,52,348,9,50.0,348.0,gray
1179,51,336,9,51.0,341.0,gray
1180,54,342,9,54.0,341.0,gray
1181,55,341,9,54.0,341.0,gray
1182,55,353,9,57.0,352.0,green
1183,26,302,10,26.0,299.0,red
1184,27,313,10,27.0,312.0,red
1185,26,319,10,27.0,323.0,red
1186,26,322,10,27.0,323.0,red
1187,27,320,10,27.0,323.0,gray
1188,27,321,10,27.0,323.0,green
1189,27,322,10,27.0,323.0,green
1190,27,314,10,28.0,313.0,red
1191,27,315,10,28.0,313.0,red
1192,29,325,10,29.0,326.0,gray
1193,28,330,10,29.0,331.0,green
1194,30,334,10,30.0,333.0,green
1195,30,335,10,30.0,333.0,green
1196,31,339,10,30.0,339.0,green
1197,31,340,10,30.0,339.0,gray
1198,32,340,10,32.0,338.0,gray
1199,33,338,10,33.0,337.0,gray
1200,33,339,10,34.0,338.0,green
1201,34,339,10,34.0,338.0,green
1202,32,341,10,34.0,340.0,green
1203,33,340,10,34.0,340.0,green
1204,33,341,10,34.0,340.0,green
1205,33,342,10,34.0,340.0,gray
1206,34,341,10,34.0,340.0,gray
1207,34,342,10,34.0,340.0,gray
1208,35,340,10,34.0,340.0,gray
1209,35,339,10,35.0,338.0,gray
1210,35,341,10,36.0,341.0,gray
1211,36,340,10,36.0,341.0,gray
1212,33,344,10,36.0,342.0,gray
1213,34,344,10,36.0,342.0,gray
1214,35,342,10,36.0,342.0,gray
1215,35,343,10,36.0,342.0,gray
1216,37,341,10,37.0,340.0,gray
1217,38,343,10,38.0,342.0,gray
1218,39,342,10,38.0,342.0,gray
1219,39,341,10,39.0,340.0,gray
1220,39,346,10,41.0,344.0,gray
1221,40,345,10,41.0,344.0,gray
1222,40,346,10,41.0,344.0,gray
1223,41,345,10,41.0,344.0,gray
1224,41,346,10,42.0,345.0,gray
1225,43,346,10,43.0,345.0,gray
1226,44,345,10,44.0,346.0,red
1227,43,347,10,44.0,347.0,green
1228,44,348,10,44.0,347.0,gray
1229,44,355,10,45.0,350.0,red
1230,47,350,10,48.0,349.0,gray
1231,47,351,10,48.0,349.0,gray
1232,48,350,10,48.0,349.0,gray
1233,48,351,10,48.0,349.0,gray
1234,50,345,10,49.0,344.0,gray
1235,49,347,10,50.0,349.0,gray
1236,51,349,10,50.0,349.0,green
1237,49,351,10,50.0,351.0,green
1238,49,352,10,50.0,351.0,green
1239,50,352,10,50.0,351.0,gray
1240,51,339,10,51.0,336.0,gray
1241,51,348,10,52.0,348.0,gray
1242,53,349,10,52.0,348.0,green
1243,56,351,10,55.0,353.0,gray
1244,57,351,10,55.0,353.0,gray
1245,24,292,11,26.0,302.0,red
1246,24,293,11,26.0,302.0,red
1247,25,292,11,26.0,302.0,red
1248,26,317,11,26.0,319.0,green
1249,26,318,11,26.0,319.0,green
1250,26,321,11,26.0,322.0,green
1251,26,323,11,26.0,322.0,red
1252,25,311,11,27.0,313.0,red
1253,25,312,11,27.0,313.0,red
1254,26,309,11,27.0,313.0,red
1255,27,309,11,27.0,313.0,red
1256,27,310,11,27.0,313.0,red
1257,26,315,11,27.0,315.0,green
1258,26,316,11,27.0,315.0,green
1259,27,316,11,27.0,315.0,gray
1260,28,331,11,28.0,330.0,green
1261,29,332,11,30.0,334.0,gray
1262,29,333,11,30.0,334.0,gray
1263,29,334,11,30.0,334.0,green
1264,29,335,11,30.0,335.0,gray
1265,29,336,11,30.0,335.0,green
1266,30,336,11,30.0,335.0,green
1267,30,338,11,31.0,339.0,gray
1268,31,337,11,31.0,339.0,gray
1269,31,338,11,31.0,339.0,gray
1270,32,339,11,32.0,340.0,gray
1271,32,342,11,32.0,341.0,gray
1272,31,346,11,33.0,344.0,gray
1273,33,346,11,33.0,344.0,gray
1274,34,343,11,34.0,342.0,gray
1275,36,346,11,34.0,344.0,gray
1276,35,344,11,35.0,343.0,gray
1277,36,343,11,35.0,343.0,gray
1278,37,346,11,39.0,346.0,gray
1279,38,346,11,39.0,346.0,gray
1280,39,345,11,39.0,346.0,gray
1281,40,347,11,40.0,346.0,gray
1282,42,346,11,41.0,346.0,gray
1283,42,347,11,43.0,347.0,gray
1284,44,354,11,44.0,355.0,red
1285,45,355,11,44.0,355.0,red
1286,47,349,11,47.0,350.0,gray
1287,46,351,11,47.0,351.0,gray
1288,48,352,11,48.0,351.0,green
1289,49,353,11,49.0,352.0,gray
1290,50,353,11,50.0,352.0,gray
1291,50,354,11,50.0,352.0,gray
1292,51,353,11,50.0,352.0,gray
1293,51,354,11,50.0,352.0,gray
1294,52,354,11,50.0,352.0,gray
1295,52,349,11,51.0,349.0,gray
1296,55,354,11,56.0,351.0,gray
1297,56,352,11,56.0,351.0,green
1298,56,353,11,56.0,351.0,red
1299,57,350,11,57.0,351.0,gray
1300,58,352,11,57.0,351.0,gray
1301,24,289,12,24.0,292.0,green
1302,24,291,12,24.0,292.0,red
1303,23,293,12,24.0,293.0,red
1304,24,295,12,24.0,293.0,green
1305,25,303,12,26.0,309.0,gray
1306,25,316,12,26.0,316.0,gray
1307,25,320,12,26.0,321.0,green
1308,26,320,12,26.0,321.0,gray
1309,26,326,12,26.0,323.0,gray
1310,26,327,12,26.0,323.0,gray
1311,26,329,12,28.0,331.0,gray
1312,27,327,12,28.0,331.0,gray
1313,27,331,12,28.0,331.0,gray
1314,28,329,12,28.0,331.0,gray
1315,28,332,12,28.0,331.0,gray
1316,29,337,12,29.0,336.0,gray
1317,29,338,12,30.0,338.0,green
1318,29,341,12,30.0,338.0,green
1319,30,343,12,32.0,342.0,green
1320,32,343,12,32.0,342.0,gray
1321,32,344,12,32.0,342.0,gray
1322,32,345,12,33.0,346.0,gray
1323,33,345,12,33.0,346.0,gray
1324,33,347,12,33.0,346.0,gray
1325,34,347,12,33.0,346.0,gray
1326,33,343,12,34.0,343.0,gray
1327,34,345,12,35.0,344.0,gray
1328,35,345,12,35.0,344.0,gray
1329,36,344,12,36.0,343.0,gray
1330,35,346,12,36.0,346.0,gray
1331,35,347,12,36.0,346.0,gray
1332,35,348,12,36.0,346.0,gray
1333,36,345,12,36.0,346.0,gray
1334,37,345,12,37.0,346.0,gray
1335,37,349,12,37.0,346.0,gray
1336,38,345,12,38.0,346.0,green
1337,38,348,12,38.0,346.0,gray
1338,38,344,12,39.0,345.0,green
1339,38,350,12,40.0,347.0,gray
1340,39,347,12,40.0,347.0,gray
1341,39,348,12,40.0,347.0,gray
1342,40,348,12,40.0,347.0,gray
1343,40,349,12,40.0,347.0,gray
1344,41,347,12,40.0,347.0,gray
1345,45,345,12,42.0,346.0,gray
1346,41,348,12,42.0,347.0,gray
1347,42,348,12,42.0,347.0,gray
1348,43,348,12,42.0,347.0,gray
1349,43,354,12,44.0,354.0,green
1350,43,356,12,44.0,354.0,green
1351,44,352,12,44.0,354.0,red
1352,45,353,12,44.0,354.0,green
1353,44,356,12,45.0,355.0,red
1354,45,354,12,45.0,355.0,gray
1355,45,356,12,45.0,355.0,red
1356,46,354,12,45.0,355.0,green
1357,47,355,12,45.0,355.0,gray
1358,44,351,12,46.0,351.0,green
1359,45,349,12,46.0,351.0,gray
1360,45,352,12,46.0,351.0,gray
1361,46,352,12,46.0,351.0,gray
1362,46,353,12,46.0,351.0,gray
1363,45,348,12,47.0,349.0,red
1364,48,348,12,47.0,349.0,gray
1365,47,352,12,48.0,352.0,gray
1366,47,353,12,48.0,352.0,gray
1367,47,354,12,48.0,352.0,gray
1368,48,353,12,48.0,352.0,red
1369,48,354,12,49.0,353.0,gray
1370,49,354,12,49.0,353.0,gray
1371,48,357,12,50.0,354.0,gray
1372,51,351,12,51.0,353.0,green
1373,51,352,12,51.0,353.0,gray
1374,52,345,12,52.0,349.0,gray
1375,53,346,12,52.0,349.0,gray
1376,54,348,12,52.0,349.0,gray
1377,52,355,12,52.0,354.0,gray
1378,53,354,12,52.0,354.0,gray
1379,53,356,12,52.0,354.0,red
1380,58,1,12,58.0,352.0,gray
1381,22,292,13,23.0,293.0,red
1382,23,290,13,24.0,289.0,gray
1383,24,285,13,24.0,289.0,green
1384,25,291,13,24.0,291.0,green
1385,22,298,13,24.0,295.0,gray
1386,24,299,13,24.0,295.0,green
1387,24,302,13,25.0,303.0,red
1388,25,306,13,25.0,303.0,red
1389,24,315,13,25.0,316.0,gray
1390,25,310,13,25.0,316.0,green
1391,25,317,13,25.0,316.0,gray
1392,26,314,13,25.0,316.0,gray
1393,24,320,13,25.0,320.0,green
1394,25,323,13,25.0,320.0,green
1395,27,328,13,27.0,327.0,gray
1396,26,331,13,27.0,331.0,gray
1397,28,333,13,28.0,332.0,gray
1398,28,334,13,28.0,332.0,gray
1399,27,335,13,29.0,337.0,gray
1400,28,335,13,29.0,337.0,gray
1401,28,337,13,29.0,337.0,gray
1402,27,338,13,29.0,338.0,gray
1403,28,339,13,29.0,338.0,gray
1404,30,340,13,29.0,341.0,gray
1405,30,341,13,29.0,341.0,gray
1406,30,344,13,30.0,343.0,gray
1407,30,345,13,30.0,343.0,gray
1408,31,343,13,30.0,343.0,gray
1409,31,341,13,32.0,343.0,gray
1410,31,342,13,32.0,343.0,green
1411,31,344,13,32.0,344.0,gray
1412,30,346,13,32.0,345.0,gray
1413,31,345,13,32.0,345.0,gray
1414,31,347,13,32.0,345.0,gray
1415,34,346,13,34.0,345.0,gray
1416,33,351,13,35.0,348.0,gray
1417,35,349,13,35.0,348.0,gray
1418,36,348,13,35.0,348.0,gray
1419,35,353,13,37.0,349.0,gray
1420,36,349,13,37.0,349.0,gray
1421,36,350,13,37.0,349.0,gray
1422,37,348,13,37.0,349.0,gray
1423,37,350,13,37.0,349.0,gray
1424,37,347,13,38.0,348.0,gray
1425,38,347,13,38.0,348.0,gray
1426,38,349,13,38.0,350.0,gray
1427,39,349,13,39.0,348.0,green
1428,43,357,13,43.0,356.0,gray
1429,44,350,13,44.0,351.0,green
1430,44,357,13,44.0,356.0,red
1431,44,358,13,44.0,356.0,gray
1432,44,349,13,45.0,349.0,gray
1433,45,351,13,45.0,352.0,gray
1434,46,356,13,45.0,356.0,green
1435,46,357,13,45.0,356.0,gray
1436,46,355,13,46.0,354.0,gray
1437,49,356,13,48.0,357.0,gray
1438,49,357,13,48.0,357.0,gray
1439,51,355,13,52.0,355.0,gray
1440,55,351,13,54.0,348.0,gray
1441,57,6,13,58.0,1.0,gray
1442,58,354,13,58.0,1.0,gray
1443,58,355,13,58.0,1.0,gray
1444,24,298,14,24.0,299.0,green
1445,25,296,14,24.0,299.0,gray
1446,25,297,14,24.0,299.0,green
1447,26,303,14,24.0,302.0,red
1448,22,315,14,24.0,315.0,red
1449,24,314,14,24.0,315.0,green
1450,24,306,14,25.0,306.0,gray
1451,25,308,14,25.0,306.0,gray
1452,25,309,14,25.0,310.0,gray
1453,26,310,14,25.0,310.0,green
1454,26,311,14,25.0,310.0,red
1455,26,325,14,25.0,323.0,green
1456,25,314,14,26.0,314.0,gray
1457,26,312,14,26.0,314.0,gray
1458,26,330,14,26.0,331.0,green
1459,27,330,14,26.0,331.0,gray
1460,27,329,14,27.0,328.0,green
1461,26,336,14,27.0,335.0,gray
1462,27,334,14,27.0,335.0,gray
1463,26,340,14,27.0,338.0,gray
1464,27,337,14,27.0,338.0,gray
1465,27,332,14,28.0,333.0,gray
1466,28,338,14,28.0,339.0,green
1467,28,340,14,28.0,339.0,gray
1468,28,341,14,28.0,339.0,gray
1469,29,339,14,28.0,339.0,gray
1470,29,340,14,30.0,340.0,gray
1471,29,342,14,30.0,341.0,gray
1472,30,342,14,30.0,341.0,gray
1473,26,344,14,30.0,344.0,gray
1474,29,343,14,30.0,344.0,gray
1475,29,344,14,30.0,344.0,gray
1476,32,346,14,31.0,345.0,gray
1477,32,347,14,31.0,347.0,gray
1478,33,349,14,33.0,351.0,gray
1479,33,350,14,33.0,351.0,gray
1480,33,348,14,34.0,346.0,gray
1481,34,348,14,35.0,349.0,gray
1482,34,349,14,35.0,349.0,gray
1483,34,350,14,35.0,349.0,gray
1484,34,352,14,35.0,353.0,gray
1485,36,347,14,36.0,348.0,gray
1486,43,355,14,43.0,357.0,green
1487,43,358,14,43.0,357.0,red
1488,45,357,14,44.0,357.0,green
1489,44,353,14,45.0,351.0,gray
1490,53,355,14,51.0,355.0,red
1491,58,356,14,58.0,355.0,gray
1492,58,357,14,58.0,355.0,green
1493,59,356,14,58.0,355.0,gray
1494,24,318,15,22.0,315.0,green
1495,25,313,15,25.0,314.0,green
1496,25,319,15,25.0,314.0,green
1497,24,303,15,26.0,303.0,green
1498,25,304,15,26.0,303.0,gray
1499,25,321,15,26.0,325.0,gray
1500,25,322,15,26.0,325.0,gray
1501,25,324,15,26.0,325.0,gray
1502,24,328,15,26.0,330.0,gray
1503,24,329,15,26.0,330.0,gray
1504,25,328,15,26.0,330.0,gray
1505,25,329,15,26.0,330.0,gray
1506,25,330,15,26.0,330.0,gray
1507,25,331,15,26.0,330.0,gray
1508,25,335,15,26.0,336.0,gray
1509,26,335,15,26.0,336.0,gray
1510,26,343,15,26.0,344.0,gray
1511,26,328,15,27.0,329.0,gray
1512,25,332,15,27.0,332.0,green
1513,26,332,15,27.0,332.0,gray
1514,25,333,15,27.0,334.0,gray
1515,25,334,15,27.0,334.0,gray
1516,26,334,15,27.0,334.0,gray
1517,27,333,15,27.0,334.0,green
1518,27,336,15,27.0,337.0,gray
1519,28,336,15,27.0,337.0,gray
1520,27,342,15,28.0,341.0,gray
1521,28,343,15,29.0,343.0,gray
1522,43,349,15,44.0,353.0,green
1523,43,353,15,44.0,353.0,gray
1524,48,355,15,45.0,357.0,gray
1525,49,359,15,45.0,357.0,gray
1526,49,355,15,53.0,355.0,green
1527,57,356,15,58.0,356.0,green
1528,56,357,15,58.0,357.0,gray
1529,57,357,15,58.0,357.0,gray
1530,57,358,15,58.0,357.0,gray
1531,61,3,15,59.0,356.0,gray
1532,23,303,16,24.0,303.0,gray
1533,23,318,16,24.0,318.0,gray
1534,24,316,16,24.0,318.0,green
1535,24,317,16,24.0,318.0,gray
1536,24,319,16,24.0,318.0,green
1537,24,327,16,24.0,328.0,gray
1538,24,330,16,24.0,329.0,gray
1539,25,318,16,25.0,319.0,red
1540,24,325,16,25.0,324.0,gray
1541,25,325,16,25.0,324.0,green
1542,25,327,16,25.0,328.0,gray
1543,24,333,16,25.0,333.0,gray
1544,25,341,16,26.0,343.0,gray
1545,26,342,16,26.0,343.0,gray
1546,26,339,16,27.0,336.0,gray
1547,43,350,16,43.0,349.0,gray
1548,43,352,16,43.0,353.0,gray
1549,57,359,16,57.0,358.0,gray
1550,57,1,16,57.0,358.0,gray
1551,57,2,16,57.0,358.0,gray
1552,24,308,17,23.0,303.0,green
1553,24,309,17,23.0,303.0,green
1554,25,307,17,23.0,303.0,green
1555,23,317,17,23.0,318.0,green
1556,23,314,17,24.0,316.0,green
1557,24,310,17,24.0,316.0,green
1558,24,313,17,24.0,316.0,gray
1559,25,315,17,24.0,316.0,green
1560,22,326,17,24.0,325.0,gray
1561,24,323,17,24.0,325.0,gray
1562,24,326,17,24.0,325.0,green
1563,24,331,17,24.0,330.0,gray
1564,26,333,17,24.0,333.0,green
1565,25,326,17,25.0,325.0,gray
1566,25,339,17,26.0,339.0,gray
1567,26,337,17,26.0,339.0,gray
1568,27,341,17,26.0,342.0,gray
1569,28,342,17,26.0,342.0,gray
1570,29,345,17,26.0,342.0,gray
1571,42,350,17,43.0,350.0,gray
1572,53,1,17,57.0,1.0,gray
1573,56,3,17,57.0,2.0,gray
1574,56,4,17,57.0,2.0,gray
1575,22,306,18,24.0,308.0,gray
1576,23,308,18,24.0,308.0,green
1577,23,309,18,24.0,309.0,gray
1578,23,310,18,24.0,310.0,gray
1579,23,311,18,24.0,310.0,green
1580,24,321,18,24.0,323.0,gray
1581,23,325,18,24.0,326.0,gray
1582,23,332,18,24.0,331.0,gray
1583,24,332,18,24.0,331.0,gray
1584,23,294,18,25.0,307.0,red
1585,23,300,18,25.0,307.0,red
1586,25,301,18,25.0,307.0,green
1587,25,338,18,25.0,339.0,gray
1588,24,336,18,26.0,337.0,gray
1589,26,338,18,26.0,337.0,gray
1590,27,339,18,27.0,341.0,gray
1591,27,340,18,27.0,341.0,gray
1592,28,345,18,29.0,345.0,gray
1593,30,347,18,29.0,345.0,gray
1594,32,349,18,29.0,345.0,gray
1595,33,352,18,29.0,345.0,gray
1596,35,352,18,42.0,350.0,gray
1597,49,0,18,53.0,1.0,gray
1598,51,356,18,53.0,1.0,gray
1599,58,9,18,56.0,4.0,gray
1600,58,10,18,56.0,4.0,green
1601,21,304,19,22.0,306.0,green
1602,23,304,19,22.0,306.0,gray
1603,23,305,19,22.0,306.0,gray
1604,23,306,19,22.0,306.0,gray
1605,24,305,19,22.0,306.0,gray
1606,22,286,19,23.0,294.0,red
1607,23,291,19,23.0,294.0,gray
1608,23,292,19,23.0,294.0,green
1609,25,295,19,23.0,294.0,gray
1610,20,300,19,23.0,300.0,green
1611,22,299,19,23.0,300.0,gray
1612,23,299,19,23.0,300.0,gray
1613,24,300,19,23.0,300.0,green
1614,23,307,19,23.0,308.0,gray
1615,21,312,19,23.0,311.0,gray
1616,23,313,19,23.0,311.0,gray
1617,23,315,19,23.0,311.0,gray
1618,23,316,19,23.0,311.0,gray
1619,24,312,19,23.0,311.0,gray
1620,22,328,19,23.0,325.0,gray
1621,23,323,19,23.0,325.0,gray
1622,23,324,19,23.0,325.0,gray
1623,23,328,19,23.0,325.0,gray
1624,23,329,19,23.0,332.0,gray
1625,23,330,19,23.0,332.0,gray
1626,23,331,19,23.0,332.0,gray
1627,22,321,19,24.0,321.0,gray
1628,23,320,19,24.0,321.0,gray
1629,23,335,19,24.0,336.0,gray
1630,24,335,19,24.0,336.0,gray
1631,25,299,19,25.0,301.0,green
1632,25,302,19,25.0,301.0,green
1633,24,338,19,25.0,338.0,gray
1634,24,339,19,25.0,338.0,gray
1635,25,340,19,25.0,338.0,gray
1636,26,341,19,27.0,340.0,gray
1637,28,344,19,28.0,345.0,gray
1638,29,347,19,30.0,347.0,gray
1639,29,348,19,30.0,347.0,gray
1640,31,348,19,32.0,349.0,gray
1641,32,348,19,32.0,349.0,gray
1642,34,351,19,35.0,352.0,gray
1643,36,351,19,35.0,352.0,gray
1644,49,358,19,49.0,0.0,gray
1645,51,3,19,49.0,0.0,gray
1646,21,305,20,21.0,304.0,green
1647,22,312,20,21.0,312.0,gray
1648,23,288,20,22.0,286.0,green
1649,22,296,20,22.0,299.0,gray
1650,21,320,20,22.0,321.0,gray
1651,21,322,20,22.0,321.0,gray
1652,22,320,20,22.0,321.0,gray
1653,20,326,20,22.0,328.0,gray
1654,23,297,20,23.0,299.0,green
1655,22,302,20,23.0,304.0,gray
1656,22,303,20,23.0,304.0,green
1657,23,302,20,23.0,304.0,gray
1658,22,305,20,23.0,305.0,gray
1659,21,308,20,23.0,307.0,gray
1660,22,307,20,23.0,307.0,gray
1661,21,315,20,23.0,315.0,gray
1662,21,323,20,23.0,323.0,gray
1663,23,322,20,23.0,323.0,gray
1664,21,325,20,23.0,324.0,gray
1665,24,324,20,23.0,324.0,gray
1666,22,331,20,23.0,331.0,gray
1667,22,333,20,23.0,335.0,gray
1668,23,333,20,23.0,335.0,gray
1669,23,301,20,24.0,300.0,gray
1670,25,305,20,24.0,305.0,gray
1671,24,311,20,24.0,312.0,gray
1672,24,337,20,24.0,338.0,gray
1673,25,337,20,24.0,338.0,gray
1674,22,339,20,24.0,339.0,gray
1675,24,296,20,25.0,295.0,gray
1676,27,343,20,28.0,344.0,gray
1677,28,346,20,29.0,347.0,gray
1678,29,346,20,29.0,347.0,gray
1679,34,353,20,34.0,351.0,gray
1680,54,7,20,51.0,3.0,gray
1681,20,324,21,21.0,323.0,gray
1682,22,323,21,21.0,323.0,gray
1683,22,324,21,21.0,323.0,gray
1684,22,327,21,21.0,325.0,gray
1685,22,295,21,22.0,296.0,green
1686,22,308,21,22.0,307.0,green
1687,23,312,21,22.0,312.0,gray
1688,23,319,21,22.0,320.0,gray
1689,22,329,21,22.0,331.0,gray
1690,23,321,21,23.0,322.0,gray
1691,24,334,21,23.0,333.0,gray
1692,24,294,21,24.0,296.0,red
1693,24,304,21,25.0,305.0,gray
1694,47,356,21,54.0,7.0,gray
1695,51,2,21,54.0,7.0,gray
1696,52,2,21,54.0,7.0,gray
1697,54,356,21,54.0,7.0,red
1698,54,6,21,54.0,7.0,gray
1699,23,327,22,22.0,327.0,gray
1700,22,313,22,23.0,312.0,gray
1701,22,316,22,23.0,319.0,gray
1702,22,317,22,23.0,319.0,gray
1703,24,301,22,24.0,304.0,green
1704,25,342,22,24.0,334.0,gray
1705,56,10,22,54.0,6.0,gray
1706,21,307,23,22.0,313.0,gray
1707,21,309,23,22.0,313.0,gray
1708,21,311,23,22.0,313.0,gray
1709,21,314,23,22.0,313.0,gray
1710,22,309,23,22.0,313.0,gray
1711,22,310,23,22.0,313.0,gray
1712,22,314,23,22.0,313.0,gray
1713,21,324,23,23.0,327.0,gray
1714,23,326,23,23.0,327.0,gray
1715,22,304,23,24.0,301.0,gray
1716,24,307,23,24.0,301.0,gray
1717,55,7,23,56.0,10.0,gray
1718,20,305,24,21.0,307.0,gray
1719,20,308,24,21.0,307.0,green
1720,21,306,24,21.0,307.0,gray
1721,21,310,24,21.0,309.0,gray
1722,20,311,24,21.0,311.0,gray
1723,20,303,24,22.0,304.0,gray
1724,20,304,24,22.0,304.0,gray
1725,21,301,24,22.0,304.0,gray
1726,21,302,24,22.0,304.0,gray
1727,22,291,24,22.0,304.0,green
1728,22,294,24,22.0,304.0,green
1729,22,300,24,22.0,304.0,gray
1730,23,296,24,22.0,304.0,green
1731,22,311,24,22.0,310.0,gray
1732,22,318,24,22.0,314.0,gray
1733,21,329,24,23.0,326.0,gray
1734,21,332,24,23.0,326.0,gray
1735,23,334,24,23.0,326.0,gray
1736,57,8,24,55.0,7.0,gray
1737,57,10,24,55.0,7.0,gray
1738,19,304,25,20.0,304.0,gray
1739,19,306,25,20.0,305.0,gray
1740,19,309,25,20.0,308.0,gray
1741,20,313,25,20.0,311.0,gray
1742,18,300,25,21.0,301.0,gray
1743,19,300,25,21.0,301.0,green
1744,21,303,25,21.0,302.0,gray
1745,20,330,25,21.0,329.0,gray
1746,21,326,25,21.0,329.0,gray
1747,21,327,25,21.0,329.0,gray
1748,20,332,25,21.0,332.0,gray
1749,22,289,25,22.0,291.0,gray
1750,22,290,25,22.0,291.0,green
1751,23,285,25,22.0,291.0,gray
1752,24,290,25,22.0,291.0,green
1753,21,294,25,22.0,294.0,green
1754,21,313,25,22.0,311.0,gray
1755,19,317,25,22.0,318.0,gray
1756,19,320,25,22.0,318.0,gray
1757,20,318,25,22.0,318.0,gray
1758,21,316,25,22.0,318.0,gray
1759,21,318,25,22.0,318.0,gray
1760,22,319,25,22.0,318.0,gray
1761,21,296,25,23.0,296.0,green
1762,21,297,25,23.0,296.0,green
1763,22,297,25,23.0,296.0,green
1764,23,298,25,23.0,296.0,gray
1765,24,297,25,23.0,296.0,gray
1766,56,11,25,57.0,10.0,gray
1767,19,299,26,19.0,300.0,gray
1768,20,306,26,19.0,306.0,gray
1769,20,307,26,19.0,306.0,gray
1770,19,311,26,19.0,309.0,gray
1771,19,319,26,19.0,320.0,gray
1772,20,322,26,19.0,320.0,gray
1773,20,314,26,20.0,313.0,gray
1774,22,293,26,21.0,294.0,gray
1775,22,301,26,21.0,303.0,gray
1776,21,319,26,21.0,318.0,gray
1777,22,325,26,21.0,326.0,gray
1778,21,328,26,21.0,327.0,gray
1779,22,288,26,22.0,289.0,green
1780,21,291,26,22.0,290.0,gray
1781,23,286,26,23.0,285.0,gray
1782,23,287,26,23.0,285.0,gray
1783,21,298,27,19.0,299.0,gray
1784,21,299,27,19.0,299.0,gray
1785,20,312,27,19.0,311.0,gray
1786,19,324,27,20.0,322.0,gray
1787,22,322,27,20.0,322.0,gray
1788,21,289,27,22.0,288.0,green
1789,23,295,27,22.0,293.0,gray
1790,19,325,27,22.0,325.0,gray
1791,24,322,27,22.0,325.0,gray
1792,20,301,28,21.0,299.0,gray
1793,20,298,29,20.0,301.0,gray
1794,20,309,29,20.0,301.0,gray
1795,20,310,29,20.0,301.0,gray
1796,19,303,30,20.0,298.0,gray
1797,20,292,30,20.0,298.0,gray
1798,21,290,30,20.0,298.0,gray
1799,21,292,30,20.0,298.0,gray
1800,21,293,30,20.0,298.0,gray
1801,21,295,30,20.0,298.0,gray
1802,21,300,30,20.0,298.0,gray
1803,22,287,30,20.0,298.0,gray
1804,19,305,30,20.0,309.0,gray
1805,19,307,30,20.0,309.0,gray
1806,21,317,30,20.0,310.0,gray
1807,18,306,31,19.0,305.0,gray
1808,20,291,31,20.0,292.0,gray
1809,20,293,31,20.0,292.0,gray
1810,20,294,31,21.0,293.0,gray
1811,20,295,31,21.0,295.0,gray
1812,20,296,31,21.0,295.0,gray
1813,21,286,31,22.0,287.0,green
1814,20,302,32,18.0,306.0,gray
1815,20,297,32,20.0,296.0,gray
1816,21,285,32,21.0,286.0,green
1817,22,283,32,21.0,286.0,green
1818,24,284,32,21.0,286.0,gray
1819,20,289,33,21.0,285.0,gray
1820,24,283,34,20.0,289.0,green
1821,26,282,34,20.0,289.0,green
1822,23,283,36,24.0,283.0,green
1823,31,282,37,23.0,283.0,gray
1824,22,284,38,31.0,282.0,gray
1825,23,282,45,22.0,284.0,gray
1826,28,280,47,23.0,282.0,gray
1827,21,284,49,28.0,280.0,gray
1828,32,283,53,21.0,284.0,gray
